ISO-10303-21;
HEADER;
/* Generated by software containing ST-Developer
 * from STEP Tools, Inc. (www.steptools.com) 
 */

FILE_DESCRIPTION(
/* description */ (''),
/* implementation_level */ '2;1');

FILE_NAME(
/* name */ '',
/* time_stamp */ '2026-05-11T15:02:28+09:00',
/* author */ (''),
/* organization */ (''),
/* preprocessor_version */ 'ST-DEVELOPER v20.1',
/* originating_system */ 'Autodesk Translation Framework v15.8.0.0',
/* authorisation */ '');

FILE_SCHEMA (('AUTOMOTIVE_DESIGN { 1 0 10303 214 3 1 1 }'));
ENDSEC;

DATA;
#10=MECHANICAL_DESIGN_GEOMETRIC_PRESENTATION_REPRESENTATION('',(#13,#14,
#15),#4413);
#11=SHAPE_REPRESENTATION_RELATIONSHIP('SRR','None',#4420,#12);
#12=ADVANCED_BREP_SHAPE_REPRESENTATION('',(#16,#17,#18),#4412);
#13=STYLED_ITEM('',(#4429),#16);
#14=STYLED_ITEM('',(#4429),#17);
#15=STYLED_ITEM('',(#4429),#18);
#16=MANIFOLD_SOLID_BREP('\X2\30DC30C730A3\X0\1',#2531);
#17=MANIFOLD_SOLID_BREP('\X2\30DC30C730A3\X0\3',#2532);
#18=MANIFOLD_SOLID_BREP('\X2\30DC30C730A3\X0\7',#2533);
#19=FACE_BOUND('',#242,.T.);
#20=FACE_BOUND('',#243,.T.);
#21=FACE_BOUND('',#251,.T.);
#22=FACE_BOUND('',#270,.T.);
#23=FACE_BOUND('',#271,.T.);
#24=FACE_BOUND('',#275,.T.);
#25=FACE_BOUND('',#276,.T.);
#26=FACE_BOUND('',#312,.T.);
#27=FACE_BOUND('',#317,.T.);
#28=FACE_BOUND('',#322,.T.);
#29=FACE_BOUND('',#323,.T.);
#30=FACE_BOUND('',#324,.T.);
#31=FACE_BOUND('',#325,.T.);
#32=FACE_BOUND('',#326,.T.);
#33=FACE_BOUND('',#329,.T.);
#34=FACE_BOUND('',#330,.T.);
#35=FACE_BOUND('',#331,.T.);
#36=FACE_BOUND('',#347,.T.);
#37=FACE_BOUND('',#348,.T.);
#38=FACE_BOUND('',#349,.T.);
#39=FACE_BOUND('',#350,.T.);
#40=FACE_BOUND('',#351,.T.);
#41=FACE_BOUND('',#375,.T.);
#42=FACE_BOUND('',#376,.T.);
#43=FACE_BOUND('',#377,.T.);
#44=FACE_BOUND('',#396,.T.);
#45=FACE_BOUND('',#397,.T.);
#46=FACE_BOUND('',#404,.T.);
#47=FACE_BOUND('',#405,.T.);
#48=PLANE('',#2550);
#49=PLANE('',#2572);
#50=PLANE('',#2573);
#51=PLANE('',#2575);
#52=PLANE('',#2579);
#53=PLANE('',#2600);
#54=PLANE('',#2601);
#55=PLANE('',#2603);
#56=PLANE('',#2605);
#57=PLANE('',#2609);
#58=PLANE('',#2617);
#59=PLANE('',#2623);
#60=PLANE('',#2628);
#61=PLANE('',#2640);
#62=PLANE('',#2641);
#63=PLANE('',#2653);
#64=PLANE('',#2658);
#65=PLANE('',#2660);
#66=PLANE('',#2662);
#67=PLANE('',#2668);
#68=PLANE('',#2680);
#69=PLANE('',#2683);
#70=PLANE('',#2686);
#71=PLANE('',#2694);
#72=PLANE('',#2695);
#73=PLANE('',#2696);
#74=PLANE('',#2700);
#75=PLANE('',#2701);
#76=PLANE('',#2702);
#77=PLANE('',#2709);
#78=PLANE('',#2713);
#79=PLANE('',#2738);
#80=PLANE('',#2745);
#81=PLANE('',#2746);
#82=PLANE('',#2747);
#83=PLANE('',#2749);
#84=PLANE('',#2751);
#85=PLANE('',#2752);
#86=PLANE('',#2753);
#87=PLANE('',#2766);
#88=PLANE('',#2770);
#89=PLANE('',#2773);
#90=PLANE('',#2777);
#91=PLANE('',#2781);
#92=PLANE('',#2785);
#93=PLANE('',#2788);
#94=PLANE('',#2795);
#95=PLANE('',#2799);
#96=PLANE('',#2800);
#97=PLANE('',#2816);
#98=PLANE('',#2823);
#99=PLANE('',#2836);
#100=PLANE('',#2837);
#101=PLANE('',#2848);
#102=PLANE('',#2851);
#103=FACE_OUTER_BOUND('',#240,.T.);
#104=FACE_OUTER_BOUND('',#241,.T.);
#105=FACE_OUTER_BOUND('',#244,.T.);
#106=FACE_OUTER_BOUND('',#245,.T.);
#107=FACE_OUTER_BOUND('',#246,.T.);
#108=FACE_OUTER_BOUND('',#247,.T.);
#109=FACE_OUTER_BOUND('',#248,.T.);
#110=FACE_OUTER_BOUND('',#249,.T.);
#111=FACE_OUTER_BOUND('',#250,.T.);
#112=FACE_OUTER_BOUND('',#252,.T.);
#113=FACE_OUTER_BOUND('',#253,.T.);
#114=FACE_OUTER_BOUND('',#254,.T.);
#115=FACE_OUTER_BOUND('',#255,.T.);
#116=FACE_OUTER_BOUND('',#256,.T.);
#117=FACE_OUTER_BOUND('',#257,.T.);
#118=FACE_OUTER_BOUND('',#258,.T.);
#119=FACE_OUTER_BOUND('',#259,.T.);
#120=FACE_OUTER_BOUND('',#260,.T.);
#121=FACE_OUTER_BOUND('',#261,.T.);
#122=FACE_OUTER_BOUND('',#262,.T.);
#123=FACE_OUTER_BOUND('',#263,.T.);
#124=FACE_OUTER_BOUND('',#264,.T.);
#125=FACE_OUTER_BOUND('',#265,.T.);
#126=FACE_OUTER_BOUND('',#266,.T.);
#127=FACE_OUTER_BOUND('',#267,.T.);
#128=FACE_OUTER_BOUND('',#268,.T.);
#129=FACE_OUTER_BOUND('',#269,.T.);
#130=FACE_OUTER_BOUND('',#272,.T.);
#131=FACE_OUTER_BOUND('',#273,.T.);
#132=FACE_OUTER_BOUND('',#274,.T.);
#133=FACE_OUTER_BOUND('',#277,.T.);
#134=FACE_OUTER_BOUND('',#278,.T.);
#135=FACE_OUTER_BOUND('',#279,.T.);
#136=FACE_OUTER_BOUND('',#280,.T.);
#137=FACE_OUTER_BOUND('',#281,.T.);
#138=FACE_OUTER_BOUND('',#282,.T.);
#139=FACE_OUTER_BOUND('',#283,.T.);
#140=FACE_OUTER_BOUND('',#284,.T.);
#141=FACE_OUTER_BOUND('',#285,.T.);
#142=FACE_OUTER_BOUND('',#286,.T.);
#143=FACE_OUTER_BOUND('',#287,.T.);
#144=FACE_OUTER_BOUND('',#288,.T.);
#145=FACE_OUTER_BOUND('',#289,.T.);
#146=FACE_OUTER_BOUND('',#290,.T.);
#147=FACE_OUTER_BOUND('',#291,.T.);
#148=FACE_OUTER_BOUND('',#292,.T.);
#149=FACE_OUTER_BOUND('',#293,.T.);
#150=FACE_OUTER_BOUND('',#294,.T.);
#151=FACE_OUTER_BOUND('',#295,.T.);
#152=FACE_OUTER_BOUND('',#296,.T.);
#153=FACE_OUTER_BOUND('',#297,.T.);
#154=FACE_OUTER_BOUND('',#298,.T.);
#155=FACE_OUTER_BOUND('',#299,.T.);
#156=FACE_OUTER_BOUND('',#300,.T.);
#157=FACE_OUTER_BOUND('',#301,.T.);
#158=FACE_OUTER_BOUND('',#302,.T.);
#159=FACE_OUTER_BOUND('',#303,.T.);
#160=FACE_OUTER_BOUND('',#304,.T.);
#161=FACE_OUTER_BOUND('',#305,.T.);
#162=FACE_OUTER_BOUND('',#306,.T.);
#163=FACE_OUTER_BOUND('',#307,.T.);
#164=FACE_OUTER_BOUND('',#308,.T.);
#165=FACE_OUTER_BOUND('',#309,.T.);
#166=FACE_OUTER_BOUND('',#310,.T.);
#167=FACE_OUTER_BOUND('',#311,.T.);
#168=FACE_OUTER_BOUND('',#313,.T.);
#169=FACE_OUTER_BOUND('',#314,.T.);
#170=FACE_OUTER_BOUND('',#315,.T.);
#171=FACE_OUTER_BOUND('',#316,.T.);
#172=FACE_OUTER_BOUND('',#318,.T.);
#173=FACE_OUTER_BOUND('',#319,.T.);
#174=FACE_OUTER_BOUND('',#320,.T.);
#175=FACE_OUTER_BOUND('',#321,.T.);
#176=FACE_OUTER_BOUND('',#327,.T.);
#177=FACE_OUTER_BOUND('',#328,.T.);
#178=FACE_OUTER_BOUND('',#332,.T.);
#179=FACE_OUTER_BOUND('',#333,.T.);
#180=FACE_OUTER_BOUND('',#334,.T.);
#181=FACE_OUTER_BOUND('',#335,.T.);
#182=FACE_OUTER_BOUND('',#336,.T.);
#183=FACE_OUTER_BOUND('',#337,.T.);
#184=FACE_OUTER_BOUND('',#338,.T.);
#185=FACE_OUTER_BOUND('',#339,.T.);
#186=FACE_OUTER_BOUND('',#340,.T.);
#187=FACE_OUTER_BOUND('',#341,.T.);
#188=FACE_OUTER_BOUND('',#342,.T.);
#189=FACE_OUTER_BOUND('',#343,.T.);
#190=FACE_OUTER_BOUND('',#344,.T.);
#191=FACE_OUTER_BOUND('',#345,.T.);
#192=FACE_OUTER_BOUND('',#346,.T.);
#193=FACE_OUTER_BOUND('',#352,.T.);
#194=FACE_OUTER_BOUND('',#353,.T.);
#195=FACE_OUTER_BOUND('',#354,.T.);
#196=FACE_OUTER_BOUND('',#355,.T.);
#197=FACE_OUTER_BOUND('',#356,.T.);
#198=FACE_OUTER_BOUND('',#357,.T.);
#199=FACE_OUTER_BOUND('',#358,.T.);
#200=FACE_OUTER_BOUND('',#359,.T.);
#201=FACE_OUTER_BOUND('',#360,.T.);
#202=FACE_OUTER_BOUND('',#361,.T.);
#203=FACE_OUTER_BOUND('',#362,.T.);
#204=FACE_OUTER_BOUND('',#363,.T.);
#205=FACE_OUTER_BOUND('',#364,.T.);
#206=FACE_OUTER_BOUND('',#365,.T.);
#207=FACE_OUTER_BOUND('',#366,.T.);
#208=FACE_OUTER_BOUND('',#367,.T.);
#209=FACE_OUTER_BOUND('',#368,.T.);
#210=FACE_OUTER_BOUND('',#369,.T.);
#211=FACE_OUTER_BOUND('',#370,.T.);
#212=FACE_OUTER_BOUND('',#371,.T.);
#213=FACE_OUTER_BOUND('',#372,.T.);
#214=FACE_OUTER_BOUND('',#373,.T.);
#215=FACE_OUTER_BOUND('',#374,.T.);
#216=FACE_OUTER_BOUND('',#378,.T.);
#217=FACE_OUTER_BOUND('',#379,.T.);
#218=FACE_OUTER_BOUND('',#380,.T.);
#219=FACE_OUTER_BOUND('',#381,.T.);
#220=FACE_OUTER_BOUND('',#382,.T.);
#221=FACE_OUTER_BOUND('',#383,.T.);
#222=FACE_OUTER_BOUND('',#384,.T.);
#223=FACE_OUTER_BOUND('',#385,.T.);
#224=FACE_OUTER_BOUND('',#386,.T.);
#225=FACE_OUTER_BOUND('',#387,.T.);
#226=FACE_OUTER_BOUND('',#388,.T.);
#227=FACE_OUTER_BOUND('',#389,.T.);
#228=FACE_OUTER_BOUND('',#390,.T.);
#229=FACE_OUTER_BOUND('',#391,.T.);
#230=FACE_OUTER_BOUND('',#392,.T.);
#231=FACE_OUTER_BOUND('',#393,.T.);
#232=FACE_OUTER_BOUND('',#394,.T.);
#233=FACE_OUTER_BOUND('',#395,.T.);
#234=FACE_OUTER_BOUND('',#398,.T.);
#235=FACE_OUTER_BOUND('',#399,.T.);
#236=FACE_OUTER_BOUND('',#400,.T.);
#237=FACE_OUTER_BOUND('',#401,.T.);
#238=FACE_OUTER_BOUND('',#402,.T.);
#239=FACE_OUTER_BOUND('',#403,.T.);
#240=EDGE_LOOP('',(#1580,#1581,#1582,#1583));
#241=EDGE_LOOP('',(#1584,#1585,#1586,#1587,#1588,#1589,#1590,#1591,#1592,
#1593,#1594,#1595,#1596,#1597,#1598,#1599,#1600,#1601,#1602,#1603,#1604,
#1605,#1606,#1607,#1608));
#242=EDGE_LOOP('',(#1609));
#243=EDGE_LOOP('',(#1610));
#244=EDGE_LOOP('',(#1611,#1612,#1613,#1614));
#245=EDGE_LOOP('',(#1615,#1616,#1617,#1618));
#246=EDGE_LOOP('',(#1619,#1620,#1621,#1622));
#247=EDGE_LOOP('',(#1623));
#248=EDGE_LOOP('',(#1624,#1625,#1626,#1627,#1628,#1629,#1630,#1631));
#249=EDGE_LOOP('',(#1632,#1633,#1634,#1635));
#250=EDGE_LOOP('',(#1636,#1637,#1638,#1639,#1640,#1641,#1642,#1643,#1644,
#1645,#1646,#1647,#1648,#1649,#1650,#1651,#1652,#1653,#1654,#1655,#1656,
#1657,#1658,#1659,#1660));
#251=EDGE_LOOP('',(#1661));
#252=EDGE_LOOP('',(#1662,#1663,#1664,#1665));
#253=EDGE_LOOP('',(#1666,#1667,#1668,#1669));
#254=EDGE_LOOP('',(#1670,#1671,#1672,#1673));
#255=EDGE_LOOP('',(#1674));
#256=EDGE_LOOP('',(#1675));
#257=EDGE_LOOP('',(#1676));
#258=EDGE_LOOP('',(#1677,#1678,#1679,#1680));
#259=EDGE_LOOP('',(#1681,#1682,#1683,#1684));
#260=EDGE_LOOP('',(#1685,#1686,#1687,#1688));
#261=EDGE_LOOP('',(#1689,#1690,#1691,#1692,#1693,#1694,#1695,#1696));
#262=EDGE_LOOP('',(#1697,#1698,#1699,#1700));
#263=EDGE_LOOP('',(#1701,#1702,#1703,#1704));
#264=EDGE_LOOP('',(#1705,#1706,#1707,#1708));
#265=EDGE_LOOP('',(#1709,#1710,#1711,#1712,#1713,#1714,#1715,#1716));
#266=EDGE_LOOP('',(#1717,#1718,#1719,#1720,#1721,#1722,#1723,#1724));
#267=EDGE_LOOP('',(#1725,#1726,#1727,#1728));
#268=EDGE_LOOP('',(#1729,#1730,#1731,#1732));
#269=EDGE_LOOP('',(#1733,#1734,#1735,#1736,#1737,#1738,#1739,#1740,#1741,
#1742,#1743,#1744,#1745,#1746,#1747,#1748,#1749,#1750,#1751));
#270=EDGE_LOOP('',(#1752));
#271=EDGE_LOOP('',(#1753));
#272=EDGE_LOOP('',(#1754,#1755,#1756,#1757));
#273=EDGE_LOOP('',(#1758,#1759,#1760,#1761));
#274=EDGE_LOOP('',(#1762,#1763,#1764,#1765,#1766,#1767,#1768,#1769,#1770,
#1771,#1772,#1773,#1774,#1775,#1776,#1777,#1778,#1779,#1780));
#275=EDGE_LOOP('',(#1781));
#276=EDGE_LOOP('',(#1782));
#277=EDGE_LOOP('',(#1783,#1784,#1785,#1786));
#278=EDGE_LOOP('',(#1787,#1788,#1789,#1790));
#279=EDGE_LOOP('',(#1791,#1792,#1793,#1794));
#280=EDGE_LOOP('',(#1795,#1796,#1797,#1798));
#281=EDGE_LOOP('',(#1799,#1800,#1801,#1802));
#282=EDGE_LOOP('',(#1803,#1804,#1805,#1806));
#283=EDGE_LOOP('',(#1807,#1808,#1809,#1810,#1811,#1812,#1813,#1814));
#284=EDGE_LOOP('',(#1815,#1816,#1817,#1818));
#285=EDGE_LOOP('',(#1819,#1820,#1821,#1822));
#286=EDGE_LOOP('',(#1823,#1824,#1825,#1826));
#287=EDGE_LOOP('',(#1827,#1828,#1829,#1830));
#288=EDGE_LOOP('',(#1831,#1832,#1833,#1834));
#289=EDGE_LOOP('',(#1835,#1836,#1837,#1838));
#290=EDGE_LOOP('',(#1839,#1840,#1841,#1842));
#291=EDGE_LOOP('',(#1843,#1844,#1845,#1846));
#292=EDGE_LOOP('',(#1847,#1848,#1849,#1850));
#293=EDGE_LOOP('',(#1851,#1852,#1853,#1854,#1855,#1856,#1857,#1858));
#294=EDGE_LOOP('',(#1859,#1860,#1861,#1862));
#295=EDGE_LOOP('',(#1863,#1864,#1865,#1866));
#296=EDGE_LOOP('',(#1867,#1868,#1869,#1870));
#297=EDGE_LOOP('',(#1871,#1872,#1873,#1874));
#298=EDGE_LOOP('',(#1875,#1876,#1877,#1878));
#299=EDGE_LOOP('',(#1879,#1880,#1881,#1882));
#300=EDGE_LOOP('',(#1883,#1884,#1885,#1886));
#301=EDGE_LOOP('',(#1887,#1888,#1889,#1890));
#302=EDGE_LOOP('',(#1891,#1892,#1893,#1894,#1895,#1896,#1897,#1898));
#303=EDGE_LOOP('',(#1899,#1900,#1901,#1902));
#304=EDGE_LOOP('',(#1903,#1904,#1905,#1906));
#305=EDGE_LOOP('',(#1907,#1908,#1909,#1910));
#306=EDGE_LOOP('',(#1911,#1912,#1913,#1914));
#307=EDGE_LOOP('',(#1915,#1916,#1917,#1918));
#308=EDGE_LOOP('',(#1919,#1920,#1921,#1922));
#309=EDGE_LOOP('',(#1923,#1924,#1925,#1926));
#310=EDGE_LOOP('',(#1927,#1928,#1929,#1930));
#311=EDGE_LOOP('',(#1931,#1932,#1933,#1934,#1935,#1936));
#312=EDGE_LOOP('',(#1937));
#313=EDGE_LOOP('',(#1938,#1939,#1940,#1941));
#314=EDGE_LOOP('',(#1942,#1943,#1944,#1945));
#315=EDGE_LOOP('',(#1946,#1947,#1948,#1949));
#316=EDGE_LOOP('',(#1950,#1951,#1952,#1953,#1954,#1955));
#317=EDGE_LOOP('',(#1956));
#318=EDGE_LOOP('',(#1957,#1958,#1959,#1960));
#319=EDGE_LOOP('',(#1961,#1962,#1963,#1964));
#320=EDGE_LOOP('',(#1965,#1966,#1967,#1968));
#321=EDGE_LOOP('',(#1969,#1970,#1971,#1972,#1973,#1974,#1975,#1976));
#322=EDGE_LOOP('',(#1977));
#323=EDGE_LOOP('',(#1978));
#324=EDGE_LOOP('',(#1979));
#325=EDGE_LOOP('',(#1980));
#326=EDGE_LOOP('',(#1981));
#327=EDGE_LOOP('',(#1982,#1983,#1984,#1985));
#328=EDGE_LOOP('',(#1986,#1987,#1988,#1989,#1990,#1991,#1992,#1993,#1994,
#1995,#1996,#1997,#1998,#1999,#2000,#2001,#2002,#2003));
#329=EDGE_LOOP('',(#2004));
#330=EDGE_LOOP('',(#2005));
#331=EDGE_LOOP('',(#2006));
#332=EDGE_LOOP('',(#2007,#2008,#2009,#2010));
#333=EDGE_LOOP('',(#2011,#2012,#2013,#2014));
#334=EDGE_LOOP('',(#2015,#2016,#2017,#2018));
#335=EDGE_LOOP('',(#2019,#2020,#2021,#2022));
#336=EDGE_LOOP('',(#2023,#2024,#2025,#2026));
#337=EDGE_LOOP('',(#2027,#2028,#2029,#2030));
#338=EDGE_LOOP('',(#2031,#2032,#2033,#2034));
#339=EDGE_LOOP('',(#2035,#2036,#2037,#2038));
#340=EDGE_LOOP('',(#2039));
#341=EDGE_LOOP('',(#2040));
#342=EDGE_LOOP('',(#2041));
#343=EDGE_LOOP('',(#2042));
#344=EDGE_LOOP('',(#2043,#2044,#2045,#2046));
#345=EDGE_LOOP('',(#2047,#2048,#2049,#2050));
#346=EDGE_LOOP('',(#2051,#2052,#2053,#2054,#2055,#2056,#2057,#2058));
#347=EDGE_LOOP('',(#2059));
#348=EDGE_LOOP('',(#2060));
#349=EDGE_LOOP('',(#2061));
#350=EDGE_LOOP('',(#2062,#2063,#2064,#2065,#2066,#2067,#2068,#2069,#2070,
#2071,#2072,#2073,#2074,#2075,#2076,#2077,#2078,#2079));
#351=EDGE_LOOP('',(#2080));
#352=EDGE_LOOP('',(#2081,#2082,#2083,#2084));
#353=EDGE_LOOP('',(#2085,#2086,#2087,#2088));
#354=EDGE_LOOP('',(#2089,#2090,#2091,#2092));
#355=EDGE_LOOP('',(#2093,#2094,#2095,#2096));
#356=EDGE_LOOP('',(#2097,#2098,#2099,#2100));
#357=EDGE_LOOP('',(#2101,#2102,#2103,#2104));
#358=EDGE_LOOP('',(#2105,#2106,#2107,#2108));
#359=EDGE_LOOP('',(#2109,#2110,#2111,#2112));
#360=EDGE_LOOP('',(#2113,#2114,#2115,#2116));
#361=EDGE_LOOP('',(#2117,#2118,#2119,#2120));
#362=EDGE_LOOP('',(#2121,#2122,#2123,#2124));
#363=EDGE_LOOP('',(#2125,#2126,#2127,#2128));
#364=EDGE_LOOP('',(#2129,#2130,#2131,#2132));
#365=EDGE_LOOP('',(#2133,#2134,#2135,#2136));
#366=EDGE_LOOP('',(#2137,#2138,#2139,#2140));
#367=EDGE_LOOP('',(#2141,#2142,#2143,#2144));
#368=EDGE_LOOP('',(#2145,#2146,#2147,#2148));
#369=EDGE_LOOP('',(#2149,#2150,#2151,#2152));
#370=EDGE_LOOP('',(#2153,#2154,#2155,#2156));
#371=EDGE_LOOP('',(#2157,#2158,#2159,#2160));
#372=EDGE_LOOP('',(#2161,#2162,#2163,#2164));
#373=EDGE_LOOP('',(#2165,#2166,#2167,#2168));
#374=EDGE_LOOP('',(#2169,#2170,#2171,#2172,#2173,#2174,#2175,#2176));
#375=EDGE_LOOP('',(#2177));
#376=EDGE_LOOP('',(#2178));
#377=EDGE_LOOP('',(#2179));
#378=EDGE_LOOP('',(#2180,#2181,#2182,#2183));
#379=EDGE_LOOP('',(#2184,#2185,#2186,#2187));
#380=EDGE_LOOP('',(#2188,#2189,#2190,#2191,#2192,#2193,#2194,#2195));
#381=EDGE_LOOP('',(#2196,#2197,#2198,#2199));
#382=EDGE_LOOP('',(#2200,#2201,#2202,#2203));
#383=EDGE_LOOP('',(#2204,#2205,#2206,#2207));
#384=EDGE_LOOP('',(#2208,#2209,#2210,#2211));
#385=EDGE_LOOP('',(#2212,#2213,#2214,#2215,#2216,#2217,#2218,#2219));
#386=EDGE_LOOP('',(#2220,#2221,#2222,#2223));
#387=EDGE_LOOP('',(#2224,#2225,#2226,#2227,#2228,#2229,#2230,#2231));
#388=EDGE_LOOP('',(#2232,#2233,#2234,#2235));
#389=EDGE_LOOP('',(#2236,#2237,#2238,#2239));
#390=EDGE_LOOP('',(#2240,#2241,#2242,#2243));
#391=EDGE_LOOP('',(#2244,#2245,#2246,#2247));
#392=EDGE_LOOP('',(#2248,#2249,#2250,#2251));
#393=EDGE_LOOP('',(#2252,#2253,#2254,#2255));
#394=EDGE_LOOP('',(#2256,#2257,#2258,#2259));
#395=EDGE_LOOP('',(#2260,#2261,#2262,#2263,#2264,#2265,#2266,#2267,#2268,
#2269,#2270,#2271,#2272,#2273,#2274,#2275,#2276,#2277,#2278,#2279));
#396=EDGE_LOOP('',(#2280));
#397=EDGE_LOOP('',(#2281));
#398=EDGE_LOOP('',(#2282,#2283,#2284,#2285));
#399=EDGE_LOOP('',(#2286,#2287,#2288,#2289));
#400=EDGE_LOOP('',(#2290,#2291,#2292,#2293));
#401=EDGE_LOOP('',(#2294,#2295,#2296,#2297,#2298,#2299,#2300,#2301));
#402=EDGE_LOOP('',(#2302,#2303,#2304,#2305));
#403=EDGE_LOOP('',(#2306,#2307,#2308,#2309));
#404=EDGE_LOOP('',(#2310));
#405=EDGE_LOOP('',(#2311));
#406=LINE('',#3668,#604);
#407=LINE('',#3671,#605);
#408=LINE('',#3678,#606);
#409=LINE('',#3682,#607);
#410=LINE('',#3686,#608);
#411=LINE('',#3690,#609);
#412=LINE('',#3700,#610);
#413=LINE('',#3704,#611);
#414=LINE('',#3710,#612);
#415=LINE('',#3716,#613);
#416=LINE('',#3719,#614);
#417=LINE('',#3727,#615);
#418=LINE('',#3731,#616);
#419=LINE('',#3734,#617);
#420=LINE('',#3735,#618);
#421=LINE('',#3741,#619);
#422=LINE('',#3743,#620);
#423=LINE('',#3745,#621);
#424=LINE('',#3747,#622);
#425=LINE('',#3749,#623);
#426=LINE('',#3750,#624);
#427=LINE('',#3756,#625);
#428=LINE('',#3759,#626);
#429=LINE('',#3766,#627);
#430=LINE('',#3770,#628);
#431=LINE('',#3774,#629);
#432=LINE('',#3778,#630);
#433=LINE('',#3789,#631);
#434=LINE('',#3795,#632);
#435=LINE('',#3801,#633);
#436=LINE('',#3804,#634);
#437=LINE('',#3810,#635);
#438=LINE('',#3814,#636);
#439=LINE('',#3817,#637);
#440=LINE('',#3818,#638);
#441=LINE('',#3830,#639);
#442=LINE('',#3833,#640);
#443=LINE('',#3836,#641);
#444=LINE('',#3837,#642);
#445=LINE('',#3840,#643);
#446=LINE('',#3843,#644);
#447=LINE('',#3846,#645);
#448=LINE('',#3849,#646);
#449=LINE('',#3853,#647);
#450=LINE('',#3856,#648);
#451=LINE('',#3858,#649);
#452=LINE('',#3862,#650);
#453=LINE('',#3865,#651);
#454=LINE('',#3868,#652);
#455=LINE('',#3875,#653);
#456=LINE('',#3876,#654);
#457=LINE('',#3880,#655);
#458=LINE('',#3883,#656);
#459=LINE('',#3888,#657);
#460=LINE('',#3892,#658);
#461=LINE('',#3896,#659);
#462=LINE('',#3900,#660);
#463=LINE('',#3904,#661);
#464=LINE('',#3914,#662);
#465=LINE('',#3915,#663);
#466=LINE('',#3918,#664);
#467=LINE('',#3919,#665);
#468=LINE('',#3929,#666);
#469=LINE('',#3933,#667);
#470=LINE('',#3937,#668);
#471=LINE('',#3941,#669);
#472=LINE('',#3948,#670);
#473=LINE('',#3949,#671);
#474=LINE('',#3951,#672);
#475=LINE('',#3954,#673);
#476=LINE('',#3956,#674);
#477=LINE('',#3958,#675);
#478=LINE('',#3959,#676);
#479=LINE('',#3961,#677);
#480=LINE('',#3963,#678);
#481=LINE('',#3965,#679);
#482=LINE('',#3966,#680);
#483=LINE('',#3968,#681);
#484=LINE('',#3970,#682);
#485=LINE('',#3974,#683);
#486=LINE('',#3976,#684);
#487=LINE('',#3978,#685);
#488=LINE('',#3981,#686);
#489=LINE('',#3984,#687);
#490=LINE('',#3986,#688);
#491=LINE('',#3987,#689);
#492=LINE('',#3989,#690);
#493=LINE('',#3992,#691);
#494=LINE('',#3997,#692);
#495=LINE('',#4000,#693);
#496=LINE('',#4005,#694);
#497=LINE('',#4008,#695);
#498=LINE('',#4012,#696);
#499=LINE('',#4013,#697);
#500=LINE('',#4016,#698);
#501=LINE('',#4020,#699);
#502=LINE('',#4021,#700);
#503=LINE('',#4025,#701);
#504=LINE('',#4028,#702);
#505=LINE('',#4029,#703);
#506=LINE('',#4033,#704);
#507=LINE('',#4035,#705);
#508=LINE('',#4040,#706);
#509=LINE('',#4043,#707);
#510=LINE('',#4045,#708);
#511=LINE('',#4051,#709);
#512=LINE('',#4054,#710);
#513=LINE('',#4056,#711);
#514=LINE('',#4060,#712);
#515=LINE('',#4064,#713);
#516=LINE('',#4068,#714);
#517=LINE('',#4076,#715);
#518=LINE('',#4079,#716);
#519=LINE('',#4086,#717);
#520=LINE('',#4094,#718);
#521=LINE('',#4096,#719);
#522=LINE('',#4104,#720);
#523=LINE('',#4112,#721);
#524=LINE('',#4113,#722);
#525=LINE('',#4123,#723);
#526=LINE('',#4127,#724);
#527=LINE('',#4130,#725);
#528=LINE('',#4133,#726);
#529=LINE('',#4137,#727);
#530=LINE('',#4141,#728);
#531=LINE('',#4144,#729);
#532=LINE('',#4145,#730);
#533=LINE('',#4150,#731);
#534=LINE('',#4156,#732);
#535=LINE('',#4168,#733);
#536=LINE('',#4169,#734);
#537=LINE('',#4172,#735);
#538=LINE('',#4173,#736);
#539=LINE('',#4177,#737);
#540=LINE('',#4181,#738);
#541=LINE('',#4185,#739);
#542=LINE('',#4189,#740);
#543=LINE('',#4194,#741);
#544=LINE('',#4201,#742);
#545=LINE('',#4208,#743);
#546=LINE('',#4212,#744);
#547=LINE('',#4214,#745);
#548=LINE('',#4216,#746);
#549=LINE('',#4218,#747);
#550=LINE('',#4221,#748);
#551=LINE('',#4223,#749);
#552=LINE('',#4224,#750);
#553=LINE('',#4227,#751);
#554=LINE('',#4231,#752);
#555=LINE('',#4232,#753);
#556=LINE('',#4235,#754);
#557=LINE('',#4238,#755);
#558=LINE('',#4241,#756);
#559=LINE('',#4243,#757);
#560=LINE('',#4245,#758);
#561=LINE('',#4248,#759);
#562=LINE('',#4252,#760);
#563=LINE('',#4255,#761);
#564=LINE('',#4256,#762);
#565=LINE('',#4260,#763);
#566=LINE('',#4262,#764);
#567=LINE('',#4265,#765);
#568=LINE('',#4269,#766);
#569=LINE('',#4273,#767);
#570=LINE('',#4281,#768);
#571=LINE('',#4284,#769);
#572=LINE('',#4287,#770);
#573=LINE('',#4289,#771);
#574=LINE('',#4290,#772);
#575=LINE('',#4297,#773);
#576=LINE('',#4305,#774);
#577=LINE('',#4309,#775);
#578=LINE('',#4316,#776);
#579=LINE('',#4319,#777);
#580=LINE('',#4324,#778);
#581=LINE('',#4328,#779);
#582=LINE('',#4336,#780);
#583=LINE('',#4340,#781);
#584=LINE('',#4344,#782);
#585=LINE('',#4346,#783);
#586=LINE('',#4348,#784);
#587=LINE('',#4350,#785);
#588=LINE('',#4352,#786);
#589=LINE('',#4353,#787);
#590=LINE('',#4356,#788);
#591=LINE('',#4359,#789);
#592=LINE('',#4364,#790);
#593=LINE('',#4367,#791);
#594=LINE('',#4371,#792);
#595=LINE('',#4376,#793);
#596=LINE('',#4379,#794);
#597=LINE('',#4383,#795);
#598=LINE('',#4385,#796);
#599=LINE('',#4394,#797);
#600=LINE('',#4398,#798);
#601=LINE('',#4402,#799);
#602=LINE('',#4405,#800);
#603=LINE('',#4406,#801);
#604=VECTOR('',#2858,10.);
#605=VECTOR('',#2861,10.);
#606=VECTOR('',#2868,10.);
#607=VECTOR('',#2871,10.);
#608=VECTOR('',#2874,10.);
#609=VECTOR('',#2877,10.);
#610=VECTOR('',#2886,10.);
#611=VECTOR('',#2889,10.);
#612=VECTOR('',#2894,10.);
#613=VECTOR('',#2899,10.);
#614=VECTOR('',#2902,10.);
#615=VECTOR('',#2911,10.);
#616=VECTOR('',#2916,10.);
#617=VECTOR('',#2919,10.);
#618=VECTOR('',#2920,10.);
#619=VECTOR('',#2927,10.);
#620=VECTOR('',#2928,10.);
#621=VECTOR('',#2929,10.);
#622=VECTOR('',#2930,10.);
#623=VECTOR('',#2931,10.);
#624=VECTOR('',#2932,10.);
#625=VECTOR('',#2937,10.);
#626=VECTOR('',#2940,10.);
#627=VECTOR('',#2947,10.);
#628=VECTOR('',#2950,10.);
#629=VECTOR('',#2953,10.);
#630=VECTOR('',#2956,10.);
#631=VECTOR('',#2967,10.);
#632=VECTOR('',#2972,10.);
#633=VECTOR('',#2977,10.);
#634=VECTOR('',#2980,10.);
#635=VECTOR('',#2987,10.);
#636=VECTOR('',#2992,10.);
#637=VECTOR('',#2995,10.);
#638=VECTOR('',#2996,10.);
#639=VECTOR('',#3011,10.);
#640=VECTOR('',#3014,10.);
#641=VECTOR('',#3017,10.);
#642=VECTOR('',#3018,10.);
#643=VECTOR('',#3021,10.);
#644=VECTOR('',#3024,10.);
#645=VECTOR('',#3027,10.);
#646=VECTOR('',#3030,10.);
#647=VECTOR('',#3035,10.);
#648=VECTOR('',#3038,10.);
#649=VECTOR('',#3041,10.);
#650=VECTOR('',#3046,10.);
#651=VECTOR('',#3049,10.);
#652=VECTOR('',#3052,10.);
#653=VECTOR('',#3061,10.);
#654=VECTOR('',#3062,10.);
#655=VECTOR('',#3067,10.);
#656=VECTOR('',#3070,10.);
#657=VECTOR('',#3075,10.);
#658=VECTOR('',#3078,10.);
#659=VECTOR('',#3081,10.);
#660=VECTOR('',#3084,10.);
#661=VECTOR('',#3087,10.);
#662=VECTOR('',#3098,10.);
#663=VECTOR('',#3099,10.);
#664=VECTOR('',#3102,10.);
#665=VECTOR('',#3103,10.);
#666=VECTOR('',#3114,10.);
#667=VECTOR('',#3117,10.);
#668=VECTOR('',#3120,10.);
#669=VECTOR('',#3123,10.);
#670=VECTOR('',#3132,10.);
#671=VECTOR('',#3133,10.);
#672=VECTOR('',#3136,10.);
#673=VECTOR('',#3141,10.);
#674=VECTOR('',#3144,10.);
#675=VECTOR('',#3147,10.);
#676=VECTOR('',#3148,10.);
#677=VECTOR('',#3151,10.);
#678=VECTOR('',#3152,10.);
#679=VECTOR('',#3153,10.);
#680=VECTOR('',#3154,10.);
#681=VECTOR('',#3157,10.);
#682=VECTOR('',#3160,10.);
#683=VECTOR('',#3167,10.);
#684=VECTOR('',#3170,10.);
#685=VECTOR('',#3173,10.);
#686=VECTOR('',#3178,3.);
#687=VECTOR('',#3181,10.);
#688=VECTOR('',#3182,10.);
#689=VECTOR('',#3183,10.);
#690=VECTOR('',#3186,3.);
#691=VECTOR('',#3189,10.);
#692=VECTOR('',#3196,10.);
#693=VECTOR('',#3199,10.);
#694=VECTOR('',#3206,10.);
#695=VECTOR('',#3209,10.);
#696=VECTOR('',#3214,10.);
#697=VECTOR('',#3215,10.);
#698=VECTOR('',#3218,10.);
#699=VECTOR('',#3223,10.);
#700=VECTOR('',#3224,10.);
#701=VECTOR('',#3229,10.);
#702=VECTOR('',#3232,10.);
#703=VECTOR('',#3233,10.);
#704=VECTOR('',#3240,2.);
#705=VECTOR('',#3243,2.);
#706=VECTOR('',#3248,1.25);
#707=VECTOR('',#3253,10.);
#708=VECTOR('',#3256,10.);
#709=VECTOR('',#3263,1.25);
#710=VECTOR('',#3268,10.);
#711=VECTOR('',#3271,10.);
#712=VECTOR('',#3276,5.5);
#713=VECTOR('',#3281,5.5);
#714=VECTOR('',#3286,5.5);
#715=VECTOR('',#3295,10.);
#716=VECTOR('',#3298,10.);
#717=VECTOR('',#3305,10.);
#718=VECTOR('',#3312,10.);
#719=VECTOR('',#3313,10.);
#720=VECTOR('',#3320,10.);
#721=VECTOR('',#3327,10.);
#722=VECTOR('',#3328,10.);
#723=VECTOR('',#3339,10.);
#724=VECTOR('',#3344,10.);
#725=VECTOR('',#3347,10.);
#726=VECTOR('',#3350,10.);
#727=VECTOR('',#3355,10.);
#728=VECTOR('',#3360,10.);
#729=VECTOR('',#3363,10.);
#730=VECTOR('',#3364,10.);
#731=VECTOR('',#3369,2.);
#732=VECTOR('',#3376,2.);
#733=VECTOR('',#3393,10.);
#734=VECTOR('',#3394,10.);
#735=VECTOR('',#3397,10.);
#736=VECTOR('',#3398,10.);
#737=VECTOR('',#3401,10.);
#738=VECTOR('',#3404,10.);
#739=VECTOR('',#3407,10.);
#740=VECTOR('',#3410,10.);
#741=VECTOR('',#3415,10.);
#742=VECTOR('',#3422,10.);
#743=VECTOR('',#3429,10.);
#744=VECTOR('',#3434,1.);
#745=VECTOR('',#3437,10.);
#746=VECTOR('',#3440,1.);
#747=VECTOR('',#3443,1.);
#748=VECTOR('',#3446,10.);
#749=VECTOR('',#3447,10.);
#750=VECTOR('',#3448,10.);
#751=VECTOR('',#3451,10.);
#752=VECTOR('',#3456,10.);
#753=VECTOR('',#3457,10.);
#754=VECTOR('',#3460,10.);
#755=VECTOR('',#3465,1.);
#756=VECTOR('',#3470,10.);
#757=VECTOR('',#3473,10.);
#758=VECTOR('',#3476,3.);
#759=VECTOR('',#3481,3.);
#760=VECTOR('',#3486,10.);
#761=VECTOR('',#3489,10.);
#762=VECTOR('',#3490,10.);
#763=VECTOR('',#3495,10.);
#764=VECTOR('',#3498,10.);
#765=VECTOR('',#3501,5.5);
#766=VECTOR('',#3506,5.5);
#767=VECTOR('',#3511,5.5);
#768=VECTOR('',#3520,10.);
#769=VECTOR('',#3523,10.);
#770=VECTOR('',#3526,10.);
#771=VECTOR('',#3527,10.);
#772=VECTOR('',#3528,10.);
#773=VECTOR('',#3535,10.);
#774=VECTOR('',#3544,10.);
#775=VECTOR('',#3549,10.);
#776=VECTOR('',#3556,10.);
#777=VECTOR('',#3559,10.);
#778=VECTOR('',#3564,10.);
#779=VECTOR('',#3569,10.);
#780=VECTOR('',#3576,10.);
#781=VECTOR('',#3581,10.);
#782=VECTOR('',#3586,10.);
#783=VECTOR('',#3587,10.);
#784=VECTOR('',#3588,10.);
#785=VECTOR('',#3589,10.);
#786=VECTOR('',#3590,10.);
#787=VECTOR('',#3591,10.);
#788=VECTOR('',#3594,10.);
#789=VECTOR('',#3597,10.);
#790=VECTOR('',#3604,10.);
#791=VECTOR('',#3607,10.);
#792=VECTOR('',#3612,10.);
#793=VECTOR('',#3619,10.);
#794=VECTOR('',#3624,10.);
#795=VECTOR('',#3629,10.);
#796=VECTOR('',#3630,10.);
#797=VECTOR('',#3641,1.65);
#798=VECTOR('',#3646,1.65);
#799=VECTOR('',#3651,10.);
#800=VECTOR('',#3654,10.);
#801=VECTOR('',#3655,10.);
#802=CIRCLE('',#2548,1.);
#803=CIRCLE('',#2549,1.);
#804=CIRCLE('',#2551,3.);
#805=CIRCLE('',#2552,1.);
#806=CIRCLE('',#2553,0.3);
#807=CIRCLE('',#2554,0.3);
#808=CIRCLE('',#2555,0.3);
#809=CIRCLE('',#2556,0.3);
#810=CIRCLE('',#2557,1.);
#811=CIRCLE('',#2558,4.);
#812=CIRCLE('',#2559,1.);
#813=CIRCLE('',#2560,1.);
#814=CIRCLE('',#2561,2.5);
#815=CIRCLE('',#2562,1.);
#816=CIRCLE('',#2563,1.);
#817=CIRCLE('',#2564,2.5);
#818=CIRCLE('',#2565,1.);
#819=CIRCLE('',#2566,5.5);
#820=CIRCLE('',#2567,5.5);
#821=CIRCLE('',#2569,3.);
#822=CIRCLE('',#2571,1.);
#823=CIRCLE('',#2574,2.05);
#824=CIRCLE('',#2577,1.);
#825=CIRCLE('',#2578,1.);
#826=CIRCLE('',#2580,3.);
#827=CIRCLE('',#2581,1.);
#828=CIRCLE('',#2582,0.3);
#829=CIRCLE('',#2583,0.3);
#830=CIRCLE('',#2584,0.3);
#831=CIRCLE('',#2585,0.3);
#832=CIRCLE('',#2586,1.);
#833=CIRCLE('',#2587,4.);
#834=CIRCLE('',#2588,1.);
#835=CIRCLE('',#2589,1.);
#836=CIRCLE('',#2590,2.5);
#837=CIRCLE('',#2591,1.);
#838=CIRCLE('',#2592,1.);
#839=CIRCLE('',#2593,2.5);
#840=CIRCLE('',#2594,1.);
#841=CIRCLE('',#2595,5.5);
#842=CIRCLE('',#2597,3.);
#843=CIRCLE('',#2599,1.);
#844=CIRCLE('',#2602,2.05);
#845=CIRCLE('',#2604,3.);
#846=CIRCLE('',#2606,3.);
#847=CIRCLE('',#2608,1.);
#848=CIRCLE('',#2611,1.);
#849=CIRCLE('',#2613,2.5);
#850=CIRCLE('',#2614,2.5);
#851=CIRCLE('',#2616,1.);
#852=CIRCLE('',#2619,1.);
#853=CIRCLE('',#2621,2.5);
#854=CIRCLE('',#2622,2.5);
#855=CIRCLE('',#2625,0.3);
#856=CIRCLE('',#2627,1.);
#857=CIRCLE('',#2629,1.);
#858=CIRCLE('',#2630,4.);
#859=CIRCLE('',#2631,0.3);
#860=CIRCLE('',#2632,2.5);
#861=CIRCLE('',#2633,2.5);
#862=CIRCLE('',#2634,0.3);
#863=CIRCLE('',#2635,0.3);
#864=CIRCLE('',#2636,2.05);
#865=CIRCLE('',#2637,3.);
#866=CIRCLE('',#2639,0.3);
#867=CIRCLE('',#2642,1.);
#868=CIRCLE('',#2643,4.);
#869=CIRCLE('',#2644,1.);
#870=CIRCLE('',#2645,0.3);
#871=CIRCLE('',#2646,2.5);
#872=CIRCLE('',#2647,2.5);
#873=CIRCLE('',#2648,0.3);
#874=CIRCLE('',#2649,0.3);
#875=CIRCLE('',#2650,3.);
#876=CIRCLE('',#2651,2.05);
#877=CIRCLE('',#2671,1.);
#878=CIRCLE('',#2673,1.);
#879=CIRCLE('',#2675,1.);
#880=CIRCLE('',#2677,1.);
#881=CIRCLE('',#2679,2.5);
#882=CIRCLE('',#2682,2.5);
#883=CIRCLE('',#2685,2.5);
#884=CIRCLE('',#2688,2.5);
#885=CIRCLE('',#2692,1.25);
#886=CIRCLE('',#2693,1.25);
#887=CIRCLE('',#2698,1.25);
#888=CIRCLE('',#2699,1.25);
#889=CIRCLE('',#2704,5.5);
#890=CIRCLE('',#2706,5.5);
#891=CIRCLE('',#2708,5.5);
#892=CIRCLE('',#2711,1.);
#893=CIRCLE('',#2712,1.);
#894=CIRCLE('',#2714,3.);
#895=CIRCLE('',#2715,1.);
#896=CIRCLE('',#2716,1.);
#897=CIRCLE('',#2717,4.);
#898=CIRCLE('',#2718,1.);
#899=CIRCLE('',#2719,1.);
#900=CIRCLE('',#2720,3.);
#901=CIRCLE('',#2721,1.);
#902=CIRCLE('',#2722,1.);
#903=CIRCLE('',#2723,4.);
#904=CIRCLE('',#2724,1.);
#905=CIRCLE('',#2725,5.5);
#906=CIRCLE('',#2726,5.5);
#907=CIRCLE('',#2727,5.5);
#908=CIRCLE('',#2729,3.);
#909=CIRCLE('',#2731,1.);
#910=CIRCLE('',#2733,1.);
#911=CIRCLE('',#2735,3.);
#912=CIRCLE('',#2737,1.);
#913=CIRCLE('',#2740,2.);
#914=CIRCLE('',#2741,2.);
#915=CIRCLE('',#2743,2.);
#916=CIRCLE('',#2744,2.);
#917=CIRCLE('',#2748,3.);
#918=CIRCLE('',#2750,3.);
#919=CIRCLE('',#2754,2.5);
#920=CIRCLE('',#2755,2.5);
#921=CIRCLE('',#2756,2.5);
#922=CIRCLE('',#2757,2.5);
#923=CIRCLE('',#2758,3.);
#924=CIRCLE('',#2759,1.);
#925=CIRCLE('',#2760,4.);
#926=CIRCLE('',#2761,1.);
#927=CIRCLE('',#2762,1.);
#928=CIRCLE('',#2763,4.);
#929=CIRCLE('',#2764,1.);
#930=CIRCLE('',#2765,3.);
#931=CIRCLE('',#2772,2.5);
#932=CIRCLE('',#2775,2.5);
#933=CIRCLE('',#2784,2.5);
#934=CIRCLE('',#2787,2.5);
#935=CIRCLE('',#2790,5.5);
#936=CIRCLE('',#2792,5.5);
#937=CIRCLE('',#2794,5.5);
#938=CIRCLE('',#2797,0.5);
#939=CIRCLE('',#2798,0.5);
#940=CIRCLE('',#2801,2.75);
#941=CIRCLE('',#2802,0.5);
#942=CIRCLE('',#2803,0.5);
#943=CIRCLE('',#2804,2.75);
#944=CIRCLE('',#2805,0.5);
#945=CIRCLE('',#2807,0.5);
#946=CIRCLE('',#2809,2.75);
#947=CIRCLE('',#2811,0.5);
#948=CIRCLE('',#2812,0.5);
#949=CIRCLE('',#2814,2.75);
#950=CIRCLE('',#2815,2.75);
#951=CIRCLE('',#2817,0.5);
#952=CIRCLE('',#2818,2.75);
#953=CIRCLE('',#2819,0.5);
#954=CIRCLE('',#2820,0.5);
#955=CIRCLE('',#2822,0.5);
#956=CIRCLE('',#2825,0.5);
#957=CIRCLE('',#2827,2.75);
#958=CIRCLE('',#2829,0.5);
#959=CIRCLE('',#2831,2.75);
#960=CIRCLE('',#2833,0.5);
#961=CIRCLE('',#2835,0.5);
#962=CIRCLE('',#2838,2.5);
#963=CIRCLE('',#2839,2.5);
#964=CIRCLE('',#2840,1.65);
#965=CIRCLE('',#2841,1.65);
#966=CIRCLE('',#2843,1.65);
#967=CIRCLE('',#2845,1.65);
#968=CIRCLE('',#2847,2.5);
#969=CIRCLE('',#2850,2.5);
#970=VERTEX_POINT('',#3664);
#971=VERTEX_POINT('',#3665);
#972=VERTEX_POINT('',#3667);
#973=VERTEX_POINT('',#3669);
#974=VERTEX_POINT('',#3673);
#975=VERTEX_POINT('',#3675);
#976=VERTEX_POINT('',#3677);
#977=VERTEX_POINT('',#3679);
#978=VERTEX_POINT('',#3681);
#979=VERTEX_POINT('',#3683);
#980=VERTEX_POINT('',#3685);
#981=VERTEX_POINT('',#3687);
#982=VERTEX_POINT('',#3689);
#983=VERTEX_POINT('',#3691);
#984=VERTEX_POINT('',#3693);
#985=VERTEX_POINT('',#3695);
#986=VERTEX_POINT('',#3697);
#987=VERTEX_POINT('',#3699);
#988=VERTEX_POINT('',#3701);
#989=VERTEX_POINT('',#3703);
#990=VERTEX_POINT('',#3705);
#991=VERTEX_POINT('',#3707);
#992=VERTEX_POINT('',#3709);
#993=VERTEX_POINT('',#3711);
#994=VERTEX_POINT('',#3713);
#995=VERTEX_POINT('',#3715);
#996=VERTEX_POINT('',#3717);
#997=VERTEX_POINT('',#3720);
#998=VERTEX_POINT('',#3722);
#999=VERTEX_POINT('',#3725);
#1000=VERTEX_POINT('',#3729);
#1001=VERTEX_POINT('',#3733);
#1002=VERTEX_POINT('',#3737);
#1003=VERTEX_POINT('',#3740);
#1004=VERTEX_POINT('',#3742);
#1005=VERTEX_POINT('',#3744);
#1006=VERTEX_POINT('',#3746);
#1007=VERTEX_POINT('',#3748);
#1008=VERTEX_POINT('',#3752);
#1009=VERTEX_POINT('',#3753);
#1010=VERTEX_POINT('',#3755);
#1011=VERTEX_POINT('',#3757);
#1012=VERTEX_POINT('',#3761);
#1013=VERTEX_POINT('',#3763);
#1014=VERTEX_POINT('',#3765);
#1015=VERTEX_POINT('',#3767);
#1016=VERTEX_POINT('',#3769);
#1017=VERTEX_POINT('',#3771);
#1018=VERTEX_POINT('',#3773);
#1019=VERTEX_POINT('',#3775);
#1020=VERTEX_POINT('',#3777);
#1021=VERTEX_POINT('',#3779);
#1022=VERTEX_POINT('',#3781);
#1023=VERTEX_POINT('',#3783);
#1024=VERTEX_POINT('',#3786);
#1025=VERTEX_POINT('',#3788);
#1026=VERTEX_POINT('',#3790);
#1027=VERTEX_POINT('',#3792);
#1028=VERTEX_POINT('',#3794);
#1029=VERTEX_POINT('',#3796);
#1030=VERTEX_POINT('',#3798);
#1031=VERTEX_POINT('',#3800);
#1032=VERTEX_POINT('',#3802);
#1033=VERTEX_POINT('',#3805);
#1034=VERTEX_POINT('',#3808);
#1035=VERTEX_POINT('',#3812);
#1036=VERTEX_POINT('',#3816);
#1037=VERTEX_POINT('',#3820);
#1038=VERTEX_POINT('',#3823);
#1039=VERTEX_POINT('',#3826);
#1040=VERTEX_POINT('',#3829);
#1041=VERTEX_POINT('',#3831);
#1042=VERTEX_POINT('',#3835);
#1043=VERTEX_POINT('',#3839);
#1044=VERTEX_POINT('',#3841);
#1045=VERTEX_POINT('',#3845);
#1046=VERTEX_POINT('',#3847);
#1047=VERTEX_POINT('',#3852);
#1048=VERTEX_POINT('',#3854);
#1049=VERTEX_POINT('',#3860);
#1050=VERTEX_POINT('',#3864);
#1051=VERTEX_POINT('',#3866);
#1052=VERTEX_POINT('',#3872);
#1053=VERTEX_POINT('',#3873);
#1054=VERTEX_POINT('',#3878);
#1055=VERTEX_POINT('',#3882);
#1056=VERTEX_POINT('',#3884);
#1057=VERTEX_POINT('',#3887);
#1058=VERTEX_POINT('',#3889);
#1059=VERTEX_POINT('',#3891);
#1060=VERTEX_POINT('',#3893);
#1061=VERTEX_POINT('',#3895);
#1062=VERTEX_POINT('',#3897);
#1063=VERTEX_POINT('',#3899);
#1064=VERTEX_POINT('',#3901);
#1065=VERTEX_POINT('',#3903);
#1066=VERTEX_POINT('',#3906);
#1067=VERTEX_POINT('',#3908);
#1068=VERTEX_POINT('',#3911);
#1069=VERTEX_POINT('',#3912);
#1070=VERTEX_POINT('',#3917);
#1071=VERTEX_POINT('',#3921);
#1072=VERTEX_POINT('',#3923);
#1073=VERTEX_POINT('',#3925);
#1074=VERTEX_POINT('',#3928);
#1075=VERTEX_POINT('',#3930);
#1076=VERTEX_POINT('',#3932);
#1077=VERTEX_POINT('',#3934);
#1078=VERTEX_POINT('',#3936);
#1079=VERTEX_POINT('',#3938);
#1080=VERTEX_POINT('',#3940);
#1081=VERTEX_POINT('',#3943);
#1082=VERTEX_POINT('',#3945);
#1083=VERTEX_POINT('',#3962);
#1084=VERTEX_POINT('',#3964);
#1085=VERTEX_POINT('',#3983);
#1086=VERTEX_POINT('',#3985);
#1087=VERTEX_POINT('',#3991);
#1088=VERTEX_POINT('',#3995);
#1089=VERTEX_POINT('',#3999);
#1090=VERTEX_POINT('',#4003);
#1091=VERTEX_POINT('',#4007);
#1092=VERTEX_POINT('',#4011);
#1093=VERTEX_POINT('',#4015);
#1094=VERTEX_POINT('',#4019);
#1095=VERTEX_POINT('',#4023);
#1096=VERTEX_POINT('',#4027);
#1097=VERTEX_POINT('',#4037);
#1098=VERTEX_POINT('',#4039);
#1099=VERTEX_POINT('',#4048);
#1100=VERTEX_POINT('',#4050);
#1101=VERTEX_POINT('',#4059);
#1102=VERTEX_POINT('',#4063);
#1103=VERTEX_POINT('',#4067);
#1104=VERTEX_POINT('',#4072);
#1105=VERTEX_POINT('',#4073);
#1106=VERTEX_POINT('',#4075);
#1107=VERTEX_POINT('',#4077);
#1108=VERTEX_POINT('',#4081);
#1109=VERTEX_POINT('',#4083);
#1110=VERTEX_POINT('',#4085);
#1111=VERTEX_POINT('',#4087);
#1112=VERTEX_POINT('',#4089);
#1113=VERTEX_POINT('',#4091);
#1114=VERTEX_POINT('',#4093);
#1115=VERTEX_POINT('',#4095);
#1116=VERTEX_POINT('',#4097);
#1117=VERTEX_POINT('',#4099);
#1118=VERTEX_POINT('',#4101);
#1119=VERTEX_POINT('',#4103);
#1120=VERTEX_POINT('',#4105);
#1121=VERTEX_POINT('',#4107);
#1122=VERTEX_POINT('',#4109);
#1123=VERTEX_POINT('',#4111);
#1124=VERTEX_POINT('',#4114);
#1125=VERTEX_POINT('',#4116);
#1126=VERTEX_POINT('',#4118);
#1127=VERTEX_POINT('',#4121);
#1128=VERTEX_POINT('',#4125);
#1129=VERTEX_POINT('',#4129);
#1130=VERTEX_POINT('',#4131);
#1131=VERTEX_POINT('',#4135);
#1132=VERTEX_POINT('',#4139);
#1133=VERTEX_POINT('',#4143);
#1134=VERTEX_POINT('',#4147);
#1135=VERTEX_POINT('',#4149);
#1136=VERTEX_POINT('',#4153);
#1137=VERTEX_POINT('',#4155);
#1138=VERTEX_POINT('',#4161);
#1139=VERTEX_POINT('',#4164);
#1140=VERTEX_POINT('',#4167);
#1141=VERTEX_POINT('',#4171);
#1142=VERTEX_POINT('',#4175);
#1143=VERTEX_POINT('',#4176);
#1144=VERTEX_POINT('',#4178);
#1145=VERTEX_POINT('',#4180);
#1146=VERTEX_POINT('',#4182);
#1147=VERTEX_POINT('',#4184);
#1148=VERTEX_POINT('',#4186);
#1149=VERTEX_POINT('',#4188);
#1150=VERTEX_POINT('',#4191);
#1151=VERTEX_POINT('',#4193);
#1152=VERTEX_POINT('',#4195);
#1153=VERTEX_POINT('',#4197);
#1154=VERTEX_POINT('',#4200);
#1155=VERTEX_POINT('',#4202);
#1156=VERTEX_POINT('',#4204);
#1157=VERTEX_POINT('',#4206);
#1158=VERTEX_POINT('',#4209);
#1159=VERTEX_POINT('',#4220);
#1160=VERTEX_POINT('',#4222);
#1161=VERTEX_POINT('',#4226);
#1162=VERTEX_POINT('',#4230);
#1163=VERTEX_POINT('',#4234);
#1164=VERTEX_POINT('',#4250);
#1165=VERTEX_POINT('',#4254);
#1166=VERTEX_POINT('',#4258);
#1167=VERTEX_POINT('',#4264);
#1168=VERTEX_POINT('',#4268);
#1169=VERTEX_POINT('',#4272);
#1170=VERTEX_POINT('',#4277);
#1171=VERTEX_POINT('',#4278);
#1172=VERTEX_POINT('',#4280);
#1173=VERTEX_POINT('',#4282);
#1174=VERTEX_POINT('',#4286);
#1175=VERTEX_POINT('',#4288);
#1176=VERTEX_POINT('',#4292);
#1177=VERTEX_POINT('',#4294);
#1178=VERTEX_POINT('',#4296);
#1179=VERTEX_POINT('',#4298);
#1180=VERTEX_POINT('',#4300);
#1181=VERTEX_POINT('',#4304);
#1182=VERTEX_POINT('',#4308);
#1183=VERTEX_POINT('',#4312);
#1184=VERTEX_POINT('',#4313);
#1185=VERTEX_POINT('',#4315);
#1186=VERTEX_POINT('',#4317);
#1187=VERTEX_POINT('',#4321);
#1188=VERTEX_POINT('',#4323);
#1189=VERTEX_POINT('',#4327);
#1190=VERTEX_POINT('',#4329);
#1191=VERTEX_POINT('',#4331);
#1192=VERTEX_POINT('',#4333);
#1193=VERTEX_POINT('',#4335);
#1194=VERTEX_POINT('',#4339);
#1195=VERTEX_POINT('',#4343);
#1196=VERTEX_POINT('',#4345);
#1197=VERTEX_POINT('',#4347);
#1198=VERTEX_POINT('',#4349);
#1199=VERTEX_POINT('',#4351);
#1200=VERTEX_POINT('',#4355);
#1201=VERTEX_POINT('',#4357);
#1202=VERTEX_POINT('',#4363);
#1203=VERTEX_POINT('',#4365);
#1204=VERTEX_POINT('',#4369);
#1205=VERTEX_POINT('',#4375);
#1206=VERTEX_POINT('',#4381);
#1207=VERTEX_POINT('',#4384);
#1208=VERTEX_POINT('',#4387);
#1209=VERTEX_POINT('',#4389);
#1210=VERTEX_POINT('',#4392);
#1211=VERTEX_POINT('',#4396);
#1212=VERTEX_POINT('',#4400);
#1213=VERTEX_POINT('',#4404);
#1214=EDGE_CURVE('',#970,#971,#802,.T.);
#1215=EDGE_CURVE('',#970,#972,#406,.T.);
#1216=EDGE_CURVE('',#972,#973,#803,.T.);
#1217=EDGE_CURVE('',#973,#971,#407,.T.);
#1218=EDGE_CURVE('',#971,#974,#804,.T.);
#1219=EDGE_CURVE('',#974,#975,#805,.T.);
#1220=EDGE_CURVE('',#976,#975,#408,.T.);
#1221=EDGE_CURVE('',#977,#976,#806,.F.);
#1222=EDGE_CURVE('',#978,#977,#409,.T.);
#1223=EDGE_CURVE('',#979,#978,#807,.F.);
#1224=EDGE_CURVE('',#980,#979,#410,.T.);
#1225=EDGE_CURVE('',#981,#980,#808,.F.);
#1226=EDGE_CURVE('',#982,#981,#411,.T.);
#1227=EDGE_CURVE('',#983,#982,#809,.F.);
#1228=EDGE_CURVE('',#983,#984,#810,.T.);
#1229=EDGE_CURVE('',#984,#985,#811,.T.);
#1230=EDGE_CURVE('',#985,#986,#812,.T.);
#1231=EDGE_CURVE('',#987,#986,#412,.T.);
#1232=EDGE_CURVE('',#987,#988,#813,.T.);
#1233=EDGE_CURVE('',#988,#989,#413,.T.);
#1234=EDGE_CURVE('',#989,#990,#814,.T.);
#1235=EDGE_CURVE('',#990,#991,#815,.T.);
#1236=EDGE_CURVE('',#991,#992,#414,.T.);
#1237=EDGE_CURVE('',#992,#993,#816,.T.);
#1238=EDGE_CURVE('',#993,#994,#817,.T.);
#1239=EDGE_CURVE('',#994,#995,#415,.T.);
#1240=EDGE_CURVE('',#995,#996,#818,.T.);
#1241=EDGE_CURVE('',#970,#996,#416,.T.);
#1242=EDGE_CURVE('',#997,#997,#819,.T.);
#1243=EDGE_CURVE('',#998,#998,#820,.T.);
#1244=EDGE_CURVE('',#999,#973,#821,.T.);
#1245=EDGE_CURVE('',#974,#999,#417,.T.);
#1246=EDGE_CURVE('',#999,#1000,#822,.T.);
#1247=EDGE_CURVE('',#1000,#975,#418,.T.);
#1248=EDGE_CURVE('',#1001,#1000,#419,.T.);
#1249=EDGE_CURVE('',#976,#1001,#420,.T.);
#1250=EDGE_CURVE('',#1002,#1002,#823,.F.);
#1251=EDGE_CURVE('',#1003,#996,#421,.T.);
#1252=EDGE_CURVE('',#1003,#1004,#422,.T.);
#1253=EDGE_CURVE('',#1005,#1004,#423,.T.);
#1254=EDGE_CURVE('',#1005,#1006,#424,.T.);
#1255=EDGE_CURVE('',#1007,#1006,#425,.T.);
#1256=EDGE_CURVE('',#972,#1007,#426,.T.);
#1257=EDGE_CURVE('',#1008,#1009,#824,.T.);
#1258=EDGE_CURVE('',#1008,#1010,#427,.T.);
#1259=EDGE_CURVE('',#1010,#1011,#825,.T.);
#1260=EDGE_CURVE('',#1011,#1009,#428,.T.);
#1261=EDGE_CURVE('',#1009,#1012,#826,.T.);
#1262=EDGE_CURVE('',#1012,#1013,#827,.T.);
#1263=EDGE_CURVE('',#1014,#1013,#429,.T.);
#1264=EDGE_CURVE('',#1015,#1014,#828,.F.);
#1265=EDGE_CURVE('',#1016,#1015,#430,.T.);
#1266=EDGE_CURVE('',#1017,#1016,#829,.F.);
#1267=EDGE_CURVE('',#1018,#1017,#431,.T.);
#1268=EDGE_CURVE('',#1019,#1018,#830,.F.);
#1269=EDGE_CURVE('',#1020,#1019,#432,.T.);
#1270=EDGE_CURVE('',#1021,#1020,#831,.F.);
#1271=EDGE_CURVE('',#1021,#1022,#832,.T.);
#1272=EDGE_CURVE('',#1022,#1023,#833,.T.);
#1273=EDGE_CURVE('',#1023,#1006,#834,.T.);
#1274=EDGE_CURVE('',#1005,#1024,#835,.T.);
#1275=EDGE_CURVE('',#1024,#1025,#433,.T.);
#1276=EDGE_CURVE('',#1025,#1026,#836,.T.);
#1277=EDGE_CURVE('',#1026,#1027,#837,.T.);
#1278=EDGE_CURVE('',#1027,#1028,#434,.T.);
#1279=EDGE_CURVE('',#1028,#1029,#838,.T.);
#1280=EDGE_CURVE('',#1029,#1030,#839,.T.);
#1281=EDGE_CURVE('',#1030,#1031,#435,.T.);
#1282=EDGE_CURVE('',#1031,#1032,#840,.T.);
#1283=EDGE_CURVE('',#1008,#1032,#436,.T.);
#1284=EDGE_CURVE('',#1033,#1033,#841,.T.);
#1285=EDGE_CURVE('',#1034,#1011,#842,.T.);
#1286=EDGE_CURVE('',#1012,#1034,#437,.T.);
#1287=EDGE_CURVE('',#1034,#1035,#843,.T.);
#1288=EDGE_CURVE('',#1035,#1013,#438,.T.);
#1289=EDGE_CURVE('',#1036,#1035,#439,.T.);
#1290=EDGE_CURVE('',#1014,#1036,#440,.T.);
#1291=EDGE_CURVE('',#1037,#1037,#844,.F.);
#1292=EDGE_CURVE('',#1038,#1038,#845,.T.);
#1293=EDGE_CURVE('',#1039,#1039,#846,.T.);
#1294=EDGE_CURVE('',#990,#1040,#441,.T.);
#1295=EDGE_CURVE('',#1040,#1041,#847,.T.);
#1296=EDGE_CURVE('',#1041,#991,#442,.T.);
#1297=EDGE_CURVE('',#1042,#1041,#443,.T.);
#1298=EDGE_CURVE('',#992,#1042,#444,.T.);
#1299=EDGE_CURVE('',#1028,#1043,#445,.T.);
#1300=EDGE_CURVE('',#1043,#1044,#848,.T.);
#1301=EDGE_CURVE('',#1044,#1029,#446,.T.);
#1302=EDGE_CURVE('',#989,#1045,#447,.T.);
#1303=EDGE_CURVE('',#1046,#1045,#849,.T.);
#1304=EDGE_CURVE('',#1030,#1046,#448,.T.);
#1305=EDGE_CURVE('',#1044,#1040,#850,.T.);
#1306=EDGE_CURVE('',#1026,#1047,#449,.T.);
#1307=EDGE_CURVE('',#1047,#1048,#851,.T.);
#1308=EDGE_CURVE('',#1048,#1027,#450,.T.);
#1309=EDGE_CURVE('',#1043,#1048,#451,.T.);
#1310=EDGE_CURVE('',#1042,#1049,#852,.T.);
#1311=EDGE_CURVE('',#1049,#993,#452,.T.);
#1312=EDGE_CURVE('',#1025,#1050,#453,.T.);
#1313=EDGE_CURVE('',#1051,#1050,#853,.T.);
#1314=EDGE_CURVE('',#994,#1051,#454,.T.);
#1315=EDGE_CURVE('',#1049,#1047,#854,.T.);
#1316=EDGE_CURVE('',#1052,#1053,#855,.T.);
#1317=EDGE_CURVE('',#1053,#983,#455,.T.);
#1318=EDGE_CURVE('',#982,#1052,#456,.T.);
#1319=EDGE_CURVE('',#1053,#1054,#856,.T.);
#1320=EDGE_CURVE('',#1054,#984,#457,.T.);
#1321=EDGE_CURVE('',#1010,#1055,#458,.T.);
#1322=EDGE_CURVE('',#1056,#1055,#857,.T.);
#1323=EDGE_CURVE('',#1056,#1054,#858,.T.);
#1324=EDGE_CURVE('',#1052,#1057,#459,.T.);
#1325=EDGE_CURVE('',#1058,#1057,#859,.T.);
#1326=EDGE_CURVE('',#1058,#1059,#460,.T.);
#1327=EDGE_CURVE('',#1060,#1059,#860,.T.);
#1328=EDGE_CURVE('',#1060,#1061,#461,.T.);
#1329=EDGE_CURVE('',#1062,#1061,#861,.T.);
#1330=EDGE_CURVE('',#1062,#1063,#462,.T.);
#1331=EDGE_CURVE('',#1064,#1063,#862,.T.);
#1332=EDGE_CURVE('',#1064,#1065,#463,.T.);
#1333=EDGE_CURVE('',#1036,#1065,#863,.T.);
#1334=EDGE_CURVE('',#1066,#1066,#864,.F.);
#1335=EDGE_CURVE('',#1067,#1067,#865,.T.);
#1336=EDGE_CURVE('',#1068,#1069,#866,.T.);
#1337=EDGE_CURVE('',#1069,#1019,#464,.T.);
#1338=EDGE_CURVE('',#1018,#1068,#465,.T.);
#1339=EDGE_CURVE('',#1070,#1069,#466,.T.);
#1340=EDGE_CURVE('',#1020,#1070,#467,.T.);
#1341=EDGE_CURVE('',#1071,#1007,#867,.T.);
#1342=EDGE_CURVE('',#1071,#1072,#868,.T.);
#1343=EDGE_CURVE('',#1073,#1072,#869,.T.);
#1344=EDGE_CURVE('',#1070,#1073,#870,.T.);
#1345=EDGE_CURVE('',#1068,#1074,#468,.T.);
#1346=EDGE_CURVE('',#1075,#1074,#871,.T.);
#1347=EDGE_CURVE('',#1075,#1076,#469,.T.);
#1348=EDGE_CURVE('',#1077,#1076,#872,.T.);
#1349=EDGE_CURVE('',#1077,#1078,#470,.T.);
#1350=EDGE_CURVE('',#1079,#1078,#873,.T.);
#1351=EDGE_CURVE('',#1079,#1080,#471,.T.);
#1352=EDGE_CURVE('',#1001,#1080,#874,.T.);
#1353=EDGE_CURVE('',#1081,#1081,#875,.T.);
#1354=EDGE_CURVE('',#1082,#1082,#876,.T.);
#1355=EDGE_CURVE('',#1063,#1017,#472,.T.);
#1356=EDGE_CURVE('',#1016,#1064,#473,.T.);
#1357=EDGE_CURVE('',#1065,#1015,#474,.T.);
#1358=EDGE_CURVE('',#1073,#1021,#475,.T.);
#1359=EDGE_CURVE('',#1072,#1022,#476,.T.);
#1360=EDGE_CURVE('',#1057,#981,#477,.T.);
#1361=EDGE_CURVE('',#980,#1058,#478,.T.);
#1362=EDGE_CURVE('',#1078,#979,#479,.T.);
#1363=EDGE_CURVE('',#1083,#1077,#480,.T.);
#1364=EDGE_CURVE('',#1083,#1084,#481,.T.);
#1365=EDGE_CURVE('',#1059,#1084,#482,.T.);
#1366=EDGE_CURVE('',#1080,#977,#483,.T.);
#1367=EDGE_CURVE('',#978,#1079,#484,.T.);
#1368=EDGE_CURVE('',#985,#1056,#485,.T.);
#1369=EDGE_CURVE('',#1055,#986,#486,.T.);
#1370=EDGE_CURVE('',#1023,#1071,#487,.T.);
#1371=EDGE_CURVE('',#1067,#1039,#488,.T.);
#1372=EDGE_CURVE('',#1085,#1032,#489,.T.);
#1373=EDGE_CURVE('',#1085,#1086,#490,.T.);
#1374=EDGE_CURVE('',#987,#1086,#491,.T.);
#1375=EDGE_CURVE('',#1081,#1038,#492,.T.);
#1376=EDGE_CURVE('',#995,#1087,#493,.T.);
#1377=EDGE_CURVE('',#1087,#1003,#877,.T.);
#1378=EDGE_CURVE('',#1004,#1088,#878,.T.);
#1379=EDGE_CURVE('',#1088,#1024,#494,.T.);
#1380=EDGE_CURVE('',#1031,#1089,#495,.T.);
#1381=EDGE_CURVE('',#1089,#1085,#879,.T.);
#1382=EDGE_CURVE('',#1086,#1090,#880,.T.);
#1383=EDGE_CURVE('',#1090,#988,#496,.T.);
#1384=EDGE_CURVE('',#1076,#1091,#497,.T.);
#1385=EDGE_CURVE('',#1091,#1083,#881,.T.);
#1386=EDGE_CURVE('',#1092,#1075,#498,.T.);
#1387=EDGE_CURVE('',#1092,#1091,#499,.T.);
#1388=EDGE_CURVE('',#1074,#1093,#500,.T.);
#1389=EDGE_CURVE('',#1093,#1092,#882,.T.);
#1390=EDGE_CURVE('',#1094,#1062,#501,.T.);
#1391=EDGE_CURVE('',#1094,#1093,#502,.T.);
#1392=EDGE_CURVE('',#1084,#1095,#883,.T.);
#1393=EDGE_CURVE('',#1095,#1060,#503,.T.);
#1394=EDGE_CURVE('',#1095,#1096,#504,.T.);
#1395=EDGE_CURVE('',#1061,#1096,#505,.T.);
#1396=EDGE_CURVE('',#1096,#1094,#884,.T.);
#1397=EDGE_CURVE('',#1066,#1037,#506,.T.);
#1398=EDGE_CURVE('',#1002,#1082,#507,.T.);
#1399=EDGE_CURVE('',#1097,#1097,#885,.T.);
#1400=EDGE_CURVE('',#1097,#1098,#508,.T.);
#1401=EDGE_CURVE('',#1098,#1098,#886,.T.);
#1402=EDGE_CURVE('',#1089,#1046,#509,.T.);
#1403=EDGE_CURVE('',#1045,#1090,#510,.T.);
#1404=EDGE_CURVE('',#1099,#1099,#887,.T.);
#1405=EDGE_CURVE('',#1099,#1100,#511,.T.);
#1406=EDGE_CURVE('',#1100,#1100,#888,.T.);
#1407=EDGE_CURVE('',#1087,#1051,#512,.T.);
#1408=EDGE_CURVE('',#1050,#1088,#513,.T.);
#1409=EDGE_CURVE('',#998,#1101,#514,.T.);
#1410=EDGE_CURVE('',#1101,#1101,#889,.T.);
#1411=EDGE_CURVE('',#997,#1102,#515,.T.);
#1412=EDGE_CURVE('',#1102,#1102,#890,.T.);
#1413=EDGE_CURVE('',#1033,#1103,#516,.T.);
#1414=EDGE_CURVE('',#1103,#1103,#891,.T.);
#1415=EDGE_CURVE('',#1104,#1105,#892,.T.);
#1416=EDGE_CURVE('',#1104,#1106,#517,.T.);
#1417=EDGE_CURVE('',#1106,#1107,#893,.T.);
#1418=EDGE_CURVE('',#1107,#1105,#518,.T.);
#1419=EDGE_CURVE('',#1105,#1108,#894,.T.);
#1420=EDGE_CURVE('',#1108,#1109,#895,.T.);
#1421=EDGE_CURVE('',#1110,#1109,#519,.T.);
#1422=EDGE_CURVE('',#1111,#1110,#896,.T.);
#1423=EDGE_CURVE('',#1112,#1111,#897,.T.);
#1424=EDGE_CURVE('',#1112,#1113,#898,.T.);
#1425=EDGE_CURVE('',#1113,#1114,#520,.T.);
#1426=EDGE_CURVE('',#1115,#1114,#521,.T.);
#1427=EDGE_CURVE('',#1115,#1116,#899,.T.);
#1428=EDGE_CURVE('',#1116,#1117,#900,.T.);
#1429=EDGE_CURVE('',#1117,#1118,#901,.T.);
#1430=EDGE_CURVE('',#1118,#1119,#522,.T.);
#1431=EDGE_CURVE('',#1120,#1119,#902,.T.);
#1432=EDGE_CURVE('',#1121,#1120,#903,.T.);
#1433=EDGE_CURVE('',#1121,#1122,#904,.T.);
#1434=EDGE_CURVE('',#1122,#1123,#523,.T.);
#1435=EDGE_CURVE('',#1104,#1123,#524,.T.);
#1436=EDGE_CURVE('',#1124,#1124,#905,.T.);
#1437=EDGE_CURVE('',#1125,#1125,#906,.T.);
#1438=EDGE_CURVE('',#1126,#1126,#907,.T.);
#1439=EDGE_CURVE('',#1127,#1107,#908,.T.);
#1440=EDGE_CURVE('',#1108,#1127,#525,.T.);
#1441=EDGE_CURVE('',#1127,#1128,#909,.T.);
#1442=EDGE_CURVE('',#1128,#1109,#526,.T.);
#1443=EDGE_CURVE('',#1115,#1129,#527,.T.);
#1444=EDGE_CURVE('',#1129,#1130,#910,.T.);
#1445=EDGE_CURVE('',#1130,#1116,#528,.T.);
#1446=EDGE_CURVE('',#1131,#1130,#911,.T.);
#1447=EDGE_CURVE('',#1117,#1131,#529,.T.);
#1448=EDGE_CURVE('',#1131,#1132,#912,.T.);
#1449=EDGE_CURVE('',#1132,#1118,#530,.T.);
#1450=EDGE_CURVE('',#1132,#1133,#531,.T.);
#1451=EDGE_CURVE('',#1133,#1119,#532,.T.);
#1452=EDGE_CURVE('',#1134,#1134,#913,.T.);
#1453=EDGE_CURVE('',#1134,#1135,#533,.T.);
#1454=EDGE_CURVE('',#1135,#1135,#914,.T.);
#1455=EDGE_CURVE('',#1136,#1136,#915,.T.);
#1456=EDGE_CURVE('',#1136,#1137,#534,.T.);
#1457=EDGE_CURVE('',#1137,#1137,#916,.T.);
#1458=EDGE_CURVE('',#1138,#1138,#917,.T.);
#1459=EDGE_CURVE('',#1139,#1139,#918,.T.);
#1460=EDGE_CURVE('',#1114,#1140,#535,.T.);
#1461=EDGE_CURVE('',#1140,#1129,#536,.T.);
#1462=EDGE_CURVE('',#1123,#1141,#537,.T.);
#1463=EDGE_CURVE('',#1141,#1106,#538,.T.);
#1464=EDGE_CURVE('',#1142,#1143,#539,.T.);
#1465=EDGE_CURVE('',#1144,#1142,#919,.T.);
#1466=EDGE_CURVE('',#1145,#1144,#540,.T.);
#1467=EDGE_CURVE('',#1146,#1145,#920,.T.);
#1468=EDGE_CURVE('',#1147,#1146,#541,.T.);
#1469=EDGE_CURVE('',#1148,#1147,#921,.T.);
#1470=EDGE_CURVE('',#1149,#1148,#542,.T.);
#1471=EDGE_CURVE('',#1143,#1149,#922,.T.);
#1472=EDGE_CURVE('',#1150,#1150,#923,.T.);
#1473=EDGE_CURVE('',#1151,#1141,#543,.T.);
#1474=EDGE_CURVE('',#1152,#1151,#924,.T.);
#1475=EDGE_CURVE('',#1153,#1152,#925,.T.);
#1476=EDGE_CURVE('',#1133,#1153,#926,.T.);
#1477=EDGE_CURVE('',#1154,#1140,#544,.T.);
#1478=EDGE_CURVE('',#1155,#1154,#927,.T.);
#1479=EDGE_CURVE('',#1156,#1155,#928,.T.);
#1480=EDGE_CURVE('',#1157,#1156,#929,.T.);
#1481=EDGE_CURVE('',#1128,#1157,#545,.T.);
#1482=EDGE_CURVE('',#1158,#1158,#930,.T.);
#1483=EDGE_CURVE('',#1154,#1113,#546,.T.);
#1484=EDGE_CURVE('',#1120,#1153,#547,.T.);
#1485=EDGE_CURVE('',#1121,#1152,#548,.T.);
#1486=EDGE_CURVE('',#1151,#1122,#549,.T.);
#1487=EDGE_CURVE('',#1146,#1159,#550,.T.);
#1488=EDGE_CURVE('',#1160,#1159,#551,.T.);
#1489=EDGE_CURVE('',#1160,#1147,#552,.T.);
#1490=EDGE_CURVE('',#1161,#1145,#553,.T.);
#1491=EDGE_CURVE('',#1159,#1161,#931,.T.);
#1492=EDGE_CURVE('',#1144,#1162,#554,.T.);
#1493=EDGE_CURVE('',#1161,#1162,#555,.T.);
#1494=EDGE_CURVE('',#1163,#1142,#556,.T.);
#1495=EDGE_CURVE('',#1162,#1163,#932,.T.);
#1496=EDGE_CURVE('',#1112,#1155,#557,.T.);
#1497=EDGE_CURVE('',#1111,#1156,#558,.T.);
#1498=EDGE_CURVE('',#1157,#1110,#559,.T.);
#1499=EDGE_CURVE('',#1158,#1138,#560,.T.);
#1500=EDGE_CURVE('',#1150,#1139,#561,.T.);
#1501=EDGE_CURVE('',#1164,#1160,#933,.T.);
#1502=EDGE_CURVE('',#1148,#1164,#562,.T.);
#1503=EDGE_CURVE('',#1165,#1164,#563,.T.);
#1504=EDGE_CURVE('',#1165,#1149,#564,.T.);
#1505=EDGE_CURVE('',#1166,#1165,#934,.T.);
#1506=EDGE_CURVE('',#1143,#1166,#565,.T.);
#1507=EDGE_CURVE('',#1163,#1166,#566,.T.);
#1508=EDGE_CURVE('',#1125,#1167,#567,.T.);
#1509=EDGE_CURVE('',#1167,#1167,#935,.T.);
#1510=EDGE_CURVE('',#1124,#1168,#568,.T.);
#1511=EDGE_CURVE('',#1168,#1168,#936,.T.);
#1512=EDGE_CURVE('',#1126,#1169,#569,.T.);
#1513=EDGE_CURVE('',#1169,#1169,#937,.T.);
#1514=EDGE_CURVE('',#1170,#1171,#938,.T.);
#1515=EDGE_CURVE('',#1171,#1172,#570,.T.);
#1516=EDGE_CURVE('',#1172,#1173,#939,.F.);
#1517=EDGE_CURVE('',#1173,#1170,#571,.T.);
#1518=EDGE_CURVE('',#1174,#1171,#572,.T.);
#1519=EDGE_CURVE('',#1175,#1174,#573,.T.);
#1520=EDGE_CURVE('',#1172,#1175,#574,.T.);
#1521=EDGE_CURVE('',#1170,#1176,#940,.T.);
#1522=EDGE_CURVE('',#1177,#1176,#941,.T.);
#1523=EDGE_CURVE('',#1177,#1178,#575,.T.);
#1524=EDGE_CURVE('',#1179,#1178,#942,.T.);
#1525=EDGE_CURVE('',#1179,#1180,#943,.T.);
#1526=EDGE_CURVE('',#1174,#1180,#944,.T.);
#1527=EDGE_CURVE('',#1180,#1181,#576,.T.);
#1528=EDGE_CURVE('',#1181,#1175,#945,.F.);
#1529=EDGE_CURVE('',#1182,#1179,#577,.T.);
#1530=EDGE_CURVE('',#1181,#1182,#946,.T.);
#1531=EDGE_CURVE('',#1183,#1184,#947,.T.);
#1532=EDGE_CURVE('',#1184,#1185,#578,.T.);
#1533=EDGE_CURVE('',#1185,#1186,#948,.F.);
#1534=EDGE_CURVE('',#1186,#1183,#579,.T.);
#1535=EDGE_CURVE('',#1187,#1184,#949,.T.);
#1536=EDGE_CURVE('',#1188,#1187,#580,.T.);
#1537=EDGE_CURVE('',#1185,#1188,#950,.T.);
#1538=EDGE_CURVE('',#1183,#1189,#581,.T.);
#1539=EDGE_CURVE('',#1190,#1189,#951,.T.);
#1540=EDGE_CURVE('',#1190,#1191,#952,.T.);
#1541=EDGE_CURVE('',#1192,#1191,#953,.T.);
#1542=EDGE_CURVE('',#1192,#1193,#582,.T.);
#1543=EDGE_CURVE('',#1187,#1193,#954,.T.);
#1544=EDGE_CURVE('',#1193,#1194,#583,.T.);
#1545=EDGE_CURVE('',#1194,#1188,#955,.F.);
#1546=EDGE_CURVE('',#1194,#1195,#584,.T.);
#1547=EDGE_CURVE('',#1196,#1192,#585,.T.);
#1548=EDGE_CURVE('',#1197,#1196,#586,.T.);
#1549=EDGE_CURVE('',#1197,#1198,#587,.T.);
#1550=EDGE_CURVE('',#1199,#1198,#588,.T.);
#1551=EDGE_CURVE('',#1195,#1199,#589,.T.);
#1552=EDGE_CURVE('',#1176,#1200,#590,.T.);
#1553=EDGE_CURVE('',#1200,#1201,#956,.F.);
#1554=EDGE_CURVE('',#1201,#1177,#591,.T.);
#1555=EDGE_CURVE('',#1200,#1173,#957,.T.);
#1556=EDGE_CURVE('',#1189,#1202,#592,.T.);
#1557=EDGE_CURVE('',#1202,#1203,#958,.F.);
#1558=EDGE_CURVE('',#1203,#1190,#593,.T.);
#1559=EDGE_CURVE('',#1204,#1203,#959,.T.);
#1560=EDGE_CURVE('',#1191,#1204,#594,.T.);
#1561=EDGE_CURVE('',#1204,#1196,#960,.F.);
#1562=EDGE_CURVE('',#1178,#1205,#595,.T.);
#1563=EDGE_CURVE('',#1205,#1182,#961,.F.);
#1564=EDGE_CURVE('',#1202,#1186,#596,.T.);
#1565=EDGE_CURVE('',#1206,#1195,#962,.T.);
#1566=EDGE_CURVE('',#1201,#1206,#597,.T.);
#1567=EDGE_CURVE('',#1207,#1205,#598,.T.);
#1568=EDGE_CURVE('',#1197,#1207,#963,.T.);
#1569=EDGE_CURVE('',#1208,#1208,#964,.T.);
#1570=EDGE_CURVE('',#1209,#1209,#965,.T.);
#1571=EDGE_CURVE('',#1210,#1210,#966,.T.);
#1572=EDGE_CURVE('',#1210,#1208,#599,.T.);
#1573=EDGE_CURVE('',#1211,#1211,#967,.T.);
#1574=EDGE_CURVE('',#1211,#1209,#600,.T.);
#1575=EDGE_CURVE('',#1212,#1199,#968,.T.);
#1576=EDGE_CURVE('',#1206,#1212,#601,.T.);
#1577=EDGE_CURVE('',#1213,#1212,#602,.T.);
#1578=EDGE_CURVE('',#1207,#1213,#603,.T.);
#1579=EDGE_CURVE('',#1198,#1213,#969,.T.);
#1580=ORIENTED_EDGE('',*,*,#1214,.F.);
#1581=ORIENTED_EDGE('',*,*,#1215,.T.);
#1582=ORIENTED_EDGE('',*,*,#1216,.T.);
#1583=ORIENTED_EDGE('',*,*,#1217,.T.);
#1584=ORIENTED_EDGE('',*,*,#1214,.T.);
#1585=ORIENTED_EDGE('',*,*,#1218,.T.);
#1586=ORIENTED_EDGE('',*,*,#1219,.T.);
#1587=ORIENTED_EDGE('',*,*,#1220,.F.);
#1588=ORIENTED_EDGE('',*,*,#1221,.F.);
#1589=ORIENTED_EDGE('',*,*,#1222,.F.);
#1590=ORIENTED_EDGE('',*,*,#1223,.F.);
#1591=ORIENTED_EDGE('',*,*,#1224,.F.);
#1592=ORIENTED_EDGE('',*,*,#1225,.F.);
#1593=ORIENTED_EDGE('',*,*,#1226,.F.);
#1594=ORIENTED_EDGE('',*,*,#1227,.F.);
#1595=ORIENTED_EDGE('',*,*,#1228,.T.);
#1596=ORIENTED_EDGE('',*,*,#1229,.T.);
#1597=ORIENTED_EDGE('',*,*,#1230,.T.);
#1598=ORIENTED_EDGE('',*,*,#1231,.F.);
#1599=ORIENTED_EDGE('',*,*,#1232,.T.);
#1600=ORIENTED_EDGE('',*,*,#1233,.T.);
#1601=ORIENTED_EDGE('',*,*,#1234,.T.);
#1602=ORIENTED_EDGE('',*,*,#1235,.T.);
#1603=ORIENTED_EDGE('',*,*,#1236,.T.);
#1604=ORIENTED_EDGE('',*,*,#1237,.T.);
#1605=ORIENTED_EDGE('',*,*,#1238,.T.);
#1606=ORIENTED_EDGE('',*,*,#1239,.T.);
#1607=ORIENTED_EDGE('',*,*,#1240,.T.);
#1608=ORIENTED_EDGE('',*,*,#1241,.F.);
#1609=ORIENTED_EDGE('',*,*,#1242,.F.);
#1610=ORIENTED_EDGE('',*,*,#1243,.F.);
#1611=ORIENTED_EDGE('',*,*,#1217,.F.);
#1612=ORIENTED_EDGE('',*,*,#1244,.F.);
#1613=ORIENTED_EDGE('',*,*,#1245,.F.);
#1614=ORIENTED_EDGE('',*,*,#1218,.F.);
#1615=ORIENTED_EDGE('',*,*,#1219,.F.);
#1616=ORIENTED_EDGE('',*,*,#1245,.T.);
#1617=ORIENTED_EDGE('',*,*,#1246,.T.);
#1618=ORIENTED_EDGE('',*,*,#1247,.T.);
#1619=ORIENTED_EDGE('',*,*,#1247,.F.);
#1620=ORIENTED_EDGE('',*,*,#1248,.F.);
#1621=ORIENTED_EDGE('',*,*,#1249,.F.);
#1622=ORIENTED_EDGE('',*,*,#1220,.T.);
#1623=ORIENTED_EDGE('',*,*,#1250,.F.);
#1624=ORIENTED_EDGE('',*,*,#1215,.F.);
#1625=ORIENTED_EDGE('',*,*,#1241,.T.);
#1626=ORIENTED_EDGE('',*,*,#1251,.F.);
#1627=ORIENTED_EDGE('',*,*,#1252,.T.);
#1628=ORIENTED_EDGE('',*,*,#1253,.F.);
#1629=ORIENTED_EDGE('',*,*,#1254,.T.);
#1630=ORIENTED_EDGE('',*,*,#1255,.F.);
#1631=ORIENTED_EDGE('',*,*,#1256,.F.);
#1632=ORIENTED_EDGE('',*,*,#1257,.F.);
#1633=ORIENTED_EDGE('',*,*,#1258,.T.);
#1634=ORIENTED_EDGE('',*,*,#1259,.T.);
#1635=ORIENTED_EDGE('',*,*,#1260,.T.);
#1636=ORIENTED_EDGE('',*,*,#1257,.T.);
#1637=ORIENTED_EDGE('',*,*,#1261,.T.);
#1638=ORIENTED_EDGE('',*,*,#1262,.T.);
#1639=ORIENTED_EDGE('',*,*,#1263,.F.);
#1640=ORIENTED_EDGE('',*,*,#1264,.F.);
#1641=ORIENTED_EDGE('',*,*,#1265,.F.);
#1642=ORIENTED_EDGE('',*,*,#1266,.F.);
#1643=ORIENTED_EDGE('',*,*,#1267,.F.);
#1644=ORIENTED_EDGE('',*,*,#1268,.F.);
#1645=ORIENTED_EDGE('',*,*,#1269,.F.);
#1646=ORIENTED_EDGE('',*,*,#1270,.F.);
#1647=ORIENTED_EDGE('',*,*,#1271,.T.);
#1648=ORIENTED_EDGE('',*,*,#1272,.T.);
#1649=ORIENTED_EDGE('',*,*,#1273,.T.);
#1650=ORIENTED_EDGE('',*,*,#1254,.F.);
#1651=ORIENTED_EDGE('',*,*,#1274,.T.);
#1652=ORIENTED_EDGE('',*,*,#1275,.T.);
#1653=ORIENTED_EDGE('',*,*,#1276,.T.);
#1654=ORIENTED_EDGE('',*,*,#1277,.T.);
#1655=ORIENTED_EDGE('',*,*,#1278,.T.);
#1656=ORIENTED_EDGE('',*,*,#1279,.T.);
#1657=ORIENTED_EDGE('',*,*,#1280,.T.);
#1658=ORIENTED_EDGE('',*,*,#1281,.T.);
#1659=ORIENTED_EDGE('',*,*,#1282,.T.);
#1660=ORIENTED_EDGE('',*,*,#1283,.F.);
#1661=ORIENTED_EDGE('',*,*,#1284,.F.);
#1662=ORIENTED_EDGE('',*,*,#1260,.F.);
#1663=ORIENTED_EDGE('',*,*,#1285,.F.);
#1664=ORIENTED_EDGE('',*,*,#1286,.F.);
#1665=ORIENTED_EDGE('',*,*,#1261,.F.);
#1666=ORIENTED_EDGE('',*,*,#1262,.F.);
#1667=ORIENTED_EDGE('',*,*,#1286,.T.);
#1668=ORIENTED_EDGE('',*,*,#1287,.T.);
#1669=ORIENTED_EDGE('',*,*,#1288,.T.);
#1670=ORIENTED_EDGE('',*,*,#1288,.F.);
#1671=ORIENTED_EDGE('',*,*,#1289,.F.);
#1672=ORIENTED_EDGE('',*,*,#1290,.F.);
#1673=ORIENTED_EDGE('',*,*,#1263,.T.);
#1674=ORIENTED_EDGE('',*,*,#1291,.F.);
#1675=ORIENTED_EDGE('',*,*,#1292,.F.);
#1676=ORIENTED_EDGE('',*,*,#1293,.F.);
#1677=ORIENTED_EDGE('',*,*,#1235,.F.);
#1678=ORIENTED_EDGE('',*,*,#1294,.T.);
#1679=ORIENTED_EDGE('',*,*,#1295,.T.);
#1680=ORIENTED_EDGE('',*,*,#1296,.T.);
#1681=ORIENTED_EDGE('',*,*,#1296,.F.);
#1682=ORIENTED_EDGE('',*,*,#1297,.F.);
#1683=ORIENTED_EDGE('',*,*,#1298,.F.);
#1684=ORIENTED_EDGE('',*,*,#1236,.F.);
#1685=ORIENTED_EDGE('',*,*,#1279,.F.);
#1686=ORIENTED_EDGE('',*,*,#1299,.T.);
#1687=ORIENTED_EDGE('',*,*,#1300,.T.);
#1688=ORIENTED_EDGE('',*,*,#1301,.T.);
#1689=ORIENTED_EDGE('',*,*,#1294,.F.);
#1690=ORIENTED_EDGE('',*,*,#1234,.F.);
#1691=ORIENTED_EDGE('',*,*,#1302,.T.);
#1692=ORIENTED_EDGE('',*,*,#1303,.F.);
#1693=ORIENTED_EDGE('',*,*,#1304,.F.);
#1694=ORIENTED_EDGE('',*,*,#1280,.F.);
#1695=ORIENTED_EDGE('',*,*,#1301,.F.);
#1696=ORIENTED_EDGE('',*,*,#1305,.T.);
#1697=ORIENTED_EDGE('',*,*,#1277,.F.);
#1698=ORIENTED_EDGE('',*,*,#1306,.T.);
#1699=ORIENTED_EDGE('',*,*,#1307,.T.);
#1700=ORIENTED_EDGE('',*,*,#1308,.T.);
#1701=ORIENTED_EDGE('',*,*,#1299,.F.);
#1702=ORIENTED_EDGE('',*,*,#1278,.F.);
#1703=ORIENTED_EDGE('',*,*,#1308,.F.);
#1704=ORIENTED_EDGE('',*,*,#1309,.F.);
#1705=ORIENTED_EDGE('',*,*,#1237,.F.);
#1706=ORIENTED_EDGE('',*,*,#1298,.T.);
#1707=ORIENTED_EDGE('',*,*,#1310,.T.);
#1708=ORIENTED_EDGE('',*,*,#1311,.T.);
#1709=ORIENTED_EDGE('',*,*,#1306,.F.);
#1710=ORIENTED_EDGE('',*,*,#1276,.F.);
#1711=ORIENTED_EDGE('',*,*,#1312,.T.);
#1712=ORIENTED_EDGE('',*,*,#1313,.F.);
#1713=ORIENTED_EDGE('',*,*,#1314,.F.);
#1714=ORIENTED_EDGE('',*,*,#1238,.F.);
#1715=ORIENTED_EDGE('',*,*,#1311,.F.);
#1716=ORIENTED_EDGE('',*,*,#1315,.T.);
#1717=ORIENTED_EDGE('',*,*,#1315,.F.);
#1718=ORIENTED_EDGE('',*,*,#1310,.F.);
#1719=ORIENTED_EDGE('',*,*,#1297,.T.);
#1720=ORIENTED_EDGE('',*,*,#1295,.F.);
#1721=ORIENTED_EDGE('',*,*,#1305,.F.);
#1722=ORIENTED_EDGE('',*,*,#1300,.F.);
#1723=ORIENTED_EDGE('',*,*,#1309,.T.);
#1724=ORIENTED_EDGE('',*,*,#1307,.F.);
#1725=ORIENTED_EDGE('',*,*,#1316,.T.);
#1726=ORIENTED_EDGE('',*,*,#1317,.T.);
#1727=ORIENTED_EDGE('',*,*,#1227,.T.);
#1728=ORIENTED_EDGE('',*,*,#1318,.T.);
#1729=ORIENTED_EDGE('',*,*,#1317,.F.);
#1730=ORIENTED_EDGE('',*,*,#1319,.T.);
#1731=ORIENTED_EDGE('',*,*,#1320,.T.);
#1732=ORIENTED_EDGE('',*,*,#1228,.F.);
#1733=ORIENTED_EDGE('',*,*,#1285,.T.);
#1734=ORIENTED_EDGE('',*,*,#1259,.F.);
#1735=ORIENTED_EDGE('',*,*,#1321,.T.);
#1736=ORIENTED_EDGE('',*,*,#1322,.F.);
#1737=ORIENTED_EDGE('',*,*,#1323,.T.);
#1738=ORIENTED_EDGE('',*,*,#1319,.F.);
#1739=ORIENTED_EDGE('',*,*,#1316,.F.);
#1740=ORIENTED_EDGE('',*,*,#1324,.T.);
#1741=ORIENTED_EDGE('',*,*,#1325,.F.);
#1742=ORIENTED_EDGE('',*,*,#1326,.T.);
#1743=ORIENTED_EDGE('',*,*,#1327,.F.);
#1744=ORIENTED_EDGE('',*,*,#1328,.T.);
#1745=ORIENTED_EDGE('',*,*,#1329,.F.);
#1746=ORIENTED_EDGE('',*,*,#1330,.T.);
#1747=ORIENTED_EDGE('',*,*,#1331,.F.);
#1748=ORIENTED_EDGE('',*,*,#1332,.T.);
#1749=ORIENTED_EDGE('',*,*,#1333,.F.);
#1750=ORIENTED_EDGE('',*,*,#1289,.T.);
#1751=ORIENTED_EDGE('',*,*,#1287,.F.);
#1752=ORIENTED_EDGE('',*,*,#1334,.T.);
#1753=ORIENTED_EDGE('',*,*,#1335,.T.);
#1754=ORIENTED_EDGE('',*,*,#1336,.T.);
#1755=ORIENTED_EDGE('',*,*,#1337,.T.);
#1756=ORIENTED_EDGE('',*,*,#1268,.T.);
#1757=ORIENTED_EDGE('',*,*,#1338,.T.);
#1758=ORIENTED_EDGE('',*,*,#1337,.F.);
#1759=ORIENTED_EDGE('',*,*,#1339,.F.);
#1760=ORIENTED_EDGE('',*,*,#1340,.F.);
#1761=ORIENTED_EDGE('',*,*,#1269,.T.);
#1762=ORIENTED_EDGE('',*,*,#1256,.T.);
#1763=ORIENTED_EDGE('',*,*,#1341,.F.);
#1764=ORIENTED_EDGE('',*,*,#1342,.T.);
#1765=ORIENTED_EDGE('',*,*,#1343,.F.);
#1766=ORIENTED_EDGE('',*,*,#1344,.F.);
#1767=ORIENTED_EDGE('',*,*,#1339,.T.);
#1768=ORIENTED_EDGE('',*,*,#1336,.F.);
#1769=ORIENTED_EDGE('',*,*,#1345,.T.);
#1770=ORIENTED_EDGE('',*,*,#1346,.F.);
#1771=ORIENTED_EDGE('',*,*,#1347,.T.);
#1772=ORIENTED_EDGE('',*,*,#1348,.F.);
#1773=ORIENTED_EDGE('',*,*,#1349,.T.);
#1774=ORIENTED_EDGE('',*,*,#1350,.F.);
#1775=ORIENTED_EDGE('',*,*,#1351,.T.);
#1776=ORIENTED_EDGE('',*,*,#1352,.F.);
#1777=ORIENTED_EDGE('',*,*,#1248,.T.);
#1778=ORIENTED_EDGE('',*,*,#1246,.F.);
#1779=ORIENTED_EDGE('',*,*,#1244,.T.);
#1780=ORIENTED_EDGE('',*,*,#1216,.F.);
#1781=ORIENTED_EDGE('',*,*,#1353,.T.);
#1782=ORIENTED_EDGE('',*,*,#1354,.F.);
#1783=ORIENTED_EDGE('',*,*,#1331,.T.);
#1784=ORIENTED_EDGE('',*,*,#1355,.T.);
#1785=ORIENTED_EDGE('',*,*,#1266,.T.);
#1786=ORIENTED_EDGE('',*,*,#1356,.T.);
#1787=ORIENTED_EDGE('',*,*,#1356,.F.);
#1788=ORIENTED_EDGE('',*,*,#1265,.T.);
#1789=ORIENTED_EDGE('',*,*,#1357,.F.);
#1790=ORIENTED_EDGE('',*,*,#1332,.F.);
#1791=ORIENTED_EDGE('',*,*,#1333,.T.);
#1792=ORIENTED_EDGE('',*,*,#1357,.T.);
#1793=ORIENTED_EDGE('',*,*,#1264,.T.);
#1794=ORIENTED_EDGE('',*,*,#1290,.T.);
#1795=ORIENTED_EDGE('',*,*,#1344,.T.);
#1796=ORIENTED_EDGE('',*,*,#1358,.T.);
#1797=ORIENTED_EDGE('',*,*,#1270,.T.);
#1798=ORIENTED_EDGE('',*,*,#1340,.T.);
#1799=ORIENTED_EDGE('',*,*,#1358,.F.);
#1800=ORIENTED_EDGE('',*,*,#1343,.T.);
#1801=ORIENTED_EDGE('',*,*,#1359,.T.);
#1802=ORIENTED_EDGE('',*,*,#1271,.F.);
#1803=ORIENTED_EDGE('',*,*,#1325,.T.);
#1804=ORIENTED_EDGE('',*,*,#1360,.T.);
#1805=ORIENTED_EDGE('',*,*,#1225,.T.);
#1806=ORIENTED_EDGE('',*,*,#1361,.T.);
#1807=ORIENTED_EDGE('',*,*,#1361,.F.);
#1808=ORIENTED_EDGE('',*,*,#1224,.T.);
#1809=ORIENTED_EDGE('',*,*,#1362,.F.);
#1810=ORIENTED_EDGE('',*,*,#1349,.F.);
#1811=ORIENTED_EDGE('',*,*,#1363,.F.);
#1812=ORIENTED_EDGE('',*,*,#1364,.T.);
#1813=ORIENTED_EDGE('',*,*,#1365,.F.);
#1814=ORIENTED_EDGE('',*,*,#1326,.F.);
#1815=ORIENTED_EDGE('',*,*,#1352,.T.);
#1816=ORIENTED_EDGE('',*,*,#1366,.T.);
#1817=ORIENTED_EDGE('',*,*,#1221,.T.);
#1818=ORIENTED_EDGE('',*,*,#1249,.T.);
#1819=ORIENTED_EDGE('',*,*,#1366,.F.);
#1820=ORIENTED_EDGE('',*,*,#1351,.F.);
#1821=ORIENTED_EDGE('',*,*,#1367,.F.);
#1822=ORIENTED_EDGE('',*,*,#1222,.T.);
#1823=ORIENTED_EDGE('',*,*,#1350,.T.);
#1824=ORIENTED_EDGE('',*,*,#1362,.T.);
#1825=ORIENTED_EDGE('',*,*,#1223,.T.);
#1826=ORIENTED_EDGE('',*,*,#1367,.T.);
#1827=ORIENTED_EDGE('',*,*,#1318,.F.);
#1828=ORIENTED_EDGE('',*,*,#1226,.T.);
#1829=ORIENTED_EDGE('',*,*,#1360,.F.);
#1830=ORIENTED_EDGE('',*,*,#1324,.F.);
#1831=ORIENTED_EDGE('',*,*,#1320,.F.);
#1832=ORIENTED_EDGE('',*,*,#1323,.F.);
#1833=ORIENTED_EDGE('',*,*,#1368,.F.);
#1834=ORIENTED_EDGE('',*,*,#1229,.F.);
#1835=ORIENTED_EDGE('',*,*,#1230,.F.);
#1836=ORIENTED_EDGE('',*,*,#1368,.T.);
#1837=ORIENTED_EDGE('',*,*,#1322,.T.);
#1838=ORIENTED_EDGE('',*,*,#1369,.T.);
#1839=ORIENTED_EDGE('',*,*,#1359,.F.);
#1840=ORIENTED_EDGE('',*,*,#1342,.F.);
#1841=ORIENTED_EDGE('',*,*,#1370,.F.);
#1842=ORIENTED_EDGE('',*,*,#1272,.F.);
#1843=ORIENTED_EDGE('',*,*,#1273,.F.);
#1844=ORIENTED_EDGE('',*,*,#1370,.T.);
#1845=ORIENTED_EDGE('',*,*,#1341,.T.);
#1846=ORIENTED_EDGE('',*,*,#1255,.T.);
#1847=ORIENTED_EDGE('',*,*,#1335,.F.);
#1848=ORIENTED_EDGE('',*,*,#1371,.T.);
#1849=ORIENTED_EDGE('',*,*,#1293,.T.);
#1850=ORIENTED_EDGE('',*,*,#1371,.F.);
#1851=ORIENTED_EDGE('',*,*,#1258,.F.);
#1852=ORIENTED_EDGE('',*,*,#1283,.T.);
#1853=ORIENTED_EDGE('',*,*,#1372,.F.);
#1854=ORIENTED_EDGE('',*,*,#1373,.T.);
#1855=ORIENTED_EDGE('',*,*,#1374,.F.);
#1856=ORIENTED_EDGE('',*,*,#1231,.T.);
#1857=ORIENTED_EDGE('',*,*,#1369,.F.);
#1858=ORIENTED_EDGE('',*,*,#1321,.F.);
#1859=ORIENTED_EDGE('',*,*,#1353,.F.);
#1860=ORIENTED_EDGE('',*,*,#1375,.T.);
#1861=ORIENTED_EDGE('',*,*,#1292,.T.);
#1862=ORIENTED_EDGE('',*,*,#1375,.F.);
#1863=ORIENTED_EDGE('',*,*,#1240,.F.);
#1864=ORIENTED_EDGE('',*,*,#1376,.T.);
#1865=ORIENTED_EDGE('',*,*,#1377,.T.);
#1866=ORIENTED_EDGE('',*,*,#1251,.T.);
#1867=ORIENTED_EDGE('',*,*,#1274,.F.);
#1868=ORIENTED_EDGE('',*,*,#1253,.T.);
#1869=ORIENTED_EDGE('',*,*,#1378,.T.);
#1870=ORIENTED_EDGE('',*,*,#1379,.T.);
#1871=ORIENTED_EDGE('',*,*,#1282,.F.);
#1872=ORIENTED_EDGE('',*,*,#1380,.T.);
#1873=ORIENTED_EDGE('',*,*,#1381,.T.);
#1874=ORIENTED_EDGE('',*,*,#1372,.T.);
#1875=ORIENTED_EDGE('',*,*,#1232,.F.);
#1876=ORIENTED_EDGE('',*,*,#1374,.T.);
#1877=ORIENTED_EDGE('',*,*,#1382,.T.);
#1878=ORIENTED_EDGE('',*,*,#1383,.T.);
#1879=ORIENTED_EDGE('',*,*,#1348,.T.);
#1880=ORIENTED_EDGE('',*,*,#1384,.T.);
#1881=ORIENTED_EDGE('',*,*,#1385,.T.);
#1882=ORIENTED_EDGE('',*,*,#1363,.T.);
#1883=ORIENTED_EDGE('',*,*,#1384,.F.);
#1884=ORIENTED_EDGE('',*,*,#1347,.F.);
#1885=ORIENTED_EDGE('',*,*,#1386,.F.);
#1886=ORIENTED_EDGE('',*,*,#1387,.T.);
#1887=ORIENTED_EDGE('',*,*,#1346,.T.);
#1888=ORIENTED_EDGE('',*,*,#1388,.T.);
#1889=ORIENTED_EDGE('',*,*,#1389,.T.);
#1890=ORIENTED_EDGE('',*,*,#1386,.T.);
#1891=ORIENTED_EDGE('',*,*,#1267,.T.);
#1892=ORIENTED_EDGE('',*,*,#1355,.F.);
#1893=ORIENTED_EDGE('',*,*,#1330,.F.);
#1894=ORIENTED_EDGE('',*,*,#1390,.F.);
#1895=ORIENTED_EDGE('',*,*,#1391,.T.);
#1896=ORIENTED_EDGE('',*,*,#1388,.F.);
#1897=ORIENTED_EDGE('',*,*,#1345,.F.);
#1898=ORIENTED_EDGE('',*,*,#1338,.F.);
#1899=ORIENTED_EDGE('',*,*,#1327,.T.);
#1900=ORIENTED_EDGE('',*,*,#1365,.T.);
#1901=ORIENTED_EDGE('',*,*,#1392,.T.);
#1902=ORIENTED_EDGE('',*,*,#1393,.T.);
#1903=ORIENTED_EDGE('',*,*,#1393,.F.);
#1904=ORIENTED_EDGE('',*,*,#1394,.T.);
#1905=ORIENTED_EDGE('',*,*,#1395,.F.);
#1906=ORIENTED_EDGE('',*,*,#1328,.F.);
#1907=ORIENTED_EDGE('',*,*,#1329,.T.);
#1908=ORIENTED_EDGE('',*,*,#1395,.T.);
#1909=ORIENTED_EDGE('',*,*,#1396,.T.);
#1910=ORIENTED_EDGE('',*,*,#1390,.T.);
#1911=ORIENTED_EDGE('',*,*,#1334,.F.);
#1912=ORIENTED_EDGE('',*,*,#1397,.T.);
#1913=ORIENTED_EDGE('',*,*,#1291,.T.);
#1914=ORIENTED_EDGE('',*,*,#1397,.F.);
#1915=ORIENTED_EDGE('',*,*,#1250,.T.);
#1916=ORIENTED_EDGE('',*,*,#1398,.T.);
#1917=ORIENTED_EDGE('',*,*,#1354,.T.);
#1918=ORIENTED_EDGE('',*,*,#1398,.F.);
#1919=ORIENTED_EDGE('',*,*,#1399,.F.);
#1920=ORIENTED_EDGE('',*,*,#1400,.T.);
#1921=ORIENTED_EDGE('',*,*,#1401,.F.);
#1922=ORIENTED_EDGE('',*,*,#1400,.F.);
#1923=ORIENTED_EDGE('',*,*,#1380,.F.);
#1924=ORIENTED_EDGE('',*,*,#1281,.F.);
#1925=ORIENTED_EDGE('',*,*,#1304,.T.);
#1926=ORIENTED_EDGE('',*,*,#1402,.F.);
#1927=ORIENTED_EDGE('',*,*,#1383,.F.);
#1928=ORIENTED_EDGE('',*,*,#1403,.F.);
#1929=ORIENTED_EDGE('',*,*,#1302,.F.);
#1930=ORIENTED_EDGE('',*,*,#1233,.F.);
#1931=ORIENTED_EDGE('',*,*,#1303,.T.);
#1932=ORIENTED_EDGE('',*,*,#1403,.T.);
#1933=ORIENTED_EDGE('',*,*,#1382,.F.);
#1934=ORIENTED_EDGE('',*,*,#1373,.F.);
#1935=ORIENTED_EDGE('',*,*,#1381,.F.);
#1936=ORIENTED_EDGE('',*,*,#1402,.T.);
#1937=ORIENTED_EDGE('',*,*,#1399,.T.);
#1938=ORIENTED_EDGE('',*,*,#1404,.F.);
#1939=ORIENTED_EDGE('',*,*,#1405,.T.);
#1940=ORIENTED_EDGE('',*,*,#1406,.F.);
#1941=ORIENTED_EDGE('',*,*,#1405,.F.);
#1942=ORIENTED_EDGE('',*,*,#1376,.F.);
#1943=ORIENTED_EDGE('',*,*,#1239,.F.);
#1944=ORIENTED_EDGE('',*,*,#1314,.T.);
#1945=ORIENTED_EDGE('',*,*,#1407,.F.);
#1946=ORIENTED_EDGE('',*,*,#1379,.F.);
#1947=ORIENTED_EDGE('',*,*,#1408,.F.);
#1948=ORIENTED_EDGE('',*,*,#1312,.F.);
#1949=ORIENTED_EDGE('',*,*,#1275,.F.);
#1950=ORIENTED_EDGE('',*,*,#1408,.T.);
#1951=ORIENTED_EDGE('',*,*,#1378,.F.);
#1952=ORIENTED_EDGE('',*,*,#1252,.F.);
#1953=ORIENTED_EDGE('',*,*,#1377,.F.);
#1954=ORIENTED_EDGE('',*,*,#1407,.T.);
#1955=ORIENTED_EDGE('',*,*,#1313,.T.);
#1956=ORIENTED_EDGE('',*,*,#1404,.T.);
#1957=ORIENTED_EDGE('',*,*,#1243,.T.);
#1958=ORIENTED_EDGE('',*,*,#1409,.T.);
#1959=ORIENTED_EDGE('',*,*,#1410,.T.);
#1960=ORIENTED_EDGE('',*,*,#1409,.F.);
#1961=ORIENTED_EDGE('',*,*,#1242,.T.);
#1962=ORIENTED_EDGE('',*,*,#1411,.T.);
#1963=ORIENTED_EDGE('',*,*,#1412,.T.);
#1964=ORIENTED_EDGE('',*,*,#1411,.F.);
#1965=ORIENTED_EDGE('',*,*,#1284,.T.);
#1966=ORIENTED_EDGE('',*,*,#1413,.T.);
#1967=ORIENTED_EDGE('',*,*,#1414,.T.);
#1968=ORIENTED_EDGE('',*,*,#1413,.F.);
#1969=ORIENTED_EDGE('',*,*,#1385,.F.);
#1970=ORIENTED_EDGE('',*,*,#1387,.F.);
#1971=ORIENTED_EDGE('',*,*,#1389,.F.);
#1972=ORIENTED_EDGE('',*,*,#1391,.F.);
#1973=ORIENTED_EDGE('',*,*,#1396,.F.);
#1974=ORIENTED_EDGE('',*,*,#1394,.F.);
#1975=ORIENTED_EDGE('',*,*,#1392,.F.);
#1976=ORIENTED_EDGE('',*,*,#1364,.F.);
#1977=ORIENTED_EDGE('',*,*,#1406,.T.);
#1978=ORIENTED_EDGE('',*,*,#1401,.T.);
#1979=ORIENTED_EDGE('',*,*,#1414,.F.);
#1980=ORIENTED_EDGE('',*,*,#1412,.F.);
#1981=ORIENTED_EDGE('',*,*,#1410,.F.);
#1982=ORIENTED_EDGE('',*,*,#1415,.F.);
#1983=ORIENTED_EDGE('',*,*,#1416,.T.);
#1984=ORIENTED_EDGE('',*,*,#1417,.T.);
#1985=ORIENTED_EDGE('',*,*,#1418,.T.);
#1986=ORIENTED_EDGE('',*,*,#1415,.T.);
#1987=ORIENTED_EDGE('',*,*,#1419,.T.);
#1988=ORIENTED_EDGE('',*,*,#1420,.T.);
#1989=ORIENTED_EDGE('',*,*,#1421,.F.);
#1990=ORIENTED_EDGE('',*,*,#1422,.F.);
#1991=ORIENTED_EDGE('',*,*,#1423,.F.);
#1992=ORIENTED_EDGE('',*,*,#1424,.T.);
#1993=ORIENTED_EDGE('',*,*,#1425,.T.);
#1994=ORIENTED_EDGE('',*,*,#1426,.F.);
#1995=ORIENTED_EDGE('',*,*,#1427,.T.);
#1996=ORIENTED_EDGE('',*,*,#1428,.T.);
#1997=ORIENTED_EDGE('',*,*,#1429,.T.);
#1998=ORIENTED_EDGE('',*,*,#1430,.T.);
#1999=ORIENTED_EDGE('',*,*,#1431,.F.);
#2000=ORIENTED_EDGE('',*,*,#1432,.F.);
#2001=ORIENTED_EDGE('',*,*,#1433,.T.);
#2002=ORIENTED_EDGE('',*,*,#1434,.T.);
#2003=ORIENTED_EDGE('',*,*,#1435,.F.);
#2004=ORIENTED_EDGE('',*,*,#1436,.T.);
#2005=ORIENTED_EDGE('',*,*,#1437,.T.);
#2006=ORIENTED_EDGE('',*,*,#1438,.T.);
#2007=ORIENTED_EDGE('',*,*,#1418,.F.);
#2008=ORIENTED_EDGE('',*,*,#1439,.F.);
#2009=ORIENTED_EDGE('',*,*,#1440,.F.);
#2010=ORIENTED_EDGE('',*,*,#1419,.F.);
#2011=ORIENTED_EDGE('',*,*,#1420,.F.);
#2012=ORIENTED_EDGE('',*,*,#1440,.T.);
#2013=ORIENTED_EDGE('',*,*,#1441,.T.);
#2014=ORIENTED_EDGE('',*,*,#1442,.T.);
#2015=ORIENTED_EDGE('',*,*,#1427,.F.);
#2016=ORIENTED_EDGE('',*,*,#1443,.T.);
#2017=ORIENTED_EDGE('',*,*,#1444,.T.);
#2018=ORIENTED_EDGE('',*,*,#1445,.T.);
#2019=ORIENTED_EDGE('',*,*,#1445,.F.);
#2020=ORIENTED_EDGE('',*,*,#1446,.F.);
#2021=ORIENTED_EDGE('',*,*,#1447,.F.);
#2022=ORIENTED_EDGE('',*,*,#1428,.F.);
#2023=ORIENTED_EDGE('',*,*,#1429,.F.);
#2024=ORIENTED_EDGE('',*,*,#1447,.T.);
#2025=ORIENTED_EDGE('',*,*,#1448,.T.);
#2026=ORIENTED_EDGE('',*,*,#1449,.T.);
#2027=ORIENTED_EDGE('',*,*,#1449,.F.);
#2028=ORIENTED_EDGE('',*,*,#1450,.T.);
#2029=ORIENTED_EDGE('',*,*,#1451,.T.);
#2030=ORIENTED_EDGE('',*,*,#1430,.F.);
#2031=ORIENTED_EDGE('',*,*,#1452,.F.);
#2032=ORIENTED_EDGE('',*,*,#1453,.T.);
#2033=ORIENTED_EDGE('',*,*,#1454,.T.);
#2034=ORIENTED_EDGE('',*,*,#1453,.F.);
#2035=ORIENTED_EDGE('',*,*,#1455,.F.);
#2036=ORIENTED_EDGE('',*,*,#1456,.T.);
#2037=ORIENTED_EDGE('',*,*,#1457,.T.);
#2038=ORIENTED_EDGE('',*,*,#1456,.F.);
#2039=ORIENTED_EDGE('',*,*,#1455,.T.);
#2040=ORIENTED_EDGE('',*,*,#1452,.T.);
#2041=ORIENTED_EDGE('',*,*,#1458,.F.);
#2042=ORIENTED_EDGE('',*,*,#1459,.F.);
#2043=ORIENTED_EDGE('',*,*,#1443,.F.);
#2044=ORIENTED_EDGE('',*,*,#1426,.T.);
#2045=ORIENTED_EDGE('',*,*,#1460,.T.);
#2046=ORIENTED_EDGE('',*,*,#1461,.T.);
#2047=ORIENTED_EDGE('',*,*,#1416,.F.);
#2048=ORIENTED_EDGE('',*,*,#1435,.T.);
#2049=ORIENTED_EDGE('',*,*,#1462,.T.);
#2050=ORIENTED_EDGE('',*,*,#1463,.T.);
#2051=ORIENTED_EDGE('',*,*,#1464,.F.);
#2052=ORIENTED_EDGE('',*,*,#1465,.F.);
#2053=ORIENTED_EDGE('',*,*,#1466,.F.);
#2054=ORIENTED_EDGE('',*,*,#1467,.F.);
#2055=ORIENTED_EDGE('',*,*,#1468,.F.);
#2056=ORIENTED_EDGE('',*,*,#1469,.F.);
#2057=ORIENTED_EDGE('',*,*,#1470,.F.);
#2058=ORIENTED_EDGE('',*,*,#1471,.F.);
#2059=ORIENTED_EDGE('',*,*,#1454,.F.);
#2060=ORIENTED_EDGE('',*,*,#1457,.F.);
#2061=ORIENTED_EDGE('',*,*,#1472,.F.);
#2062=ORIENTED_EDGE('',*,*,#1439,.T.);
#2063=ORIENTED_EDGE('',*,*,#1417,.F.);
#2064=ORIENTED_EDGE('',*,*,#1463,.F.);
#2065=ORIENTED_EDGE('',*,*,#1473,.F.);
#2066=ORIENTED_EDGE('',*,*,#1474,.F.);
#2067=ORIENTED_EDGE('',*,*,#1475,.F.);
#2068=ORIENTED_EDGE('',*,*,#1476,.F.);
#2069=ORIENTED_EDGE('',*,*,#1450,.F.);
#2070=ORIENTED_EDGE('',*,*,#1448,.F.);
#2071=ORIENTED_EDGE('',*,*,#1446,.T.);
#2072=ORIENTED_EDGE('',*,*,#1444,.F.);
#2073=ORIENTED_EDGE('',*,*,#1461,.F.);
#2074=ORIENTED_EDGE('',*,*,#1477,.F.);
#2075=ORIENTED_EDGE('',*,*,#1478,.F.);
#2076=ORIENTED_EDGE('',*,*,#1479,.F.);
#2077=ORIENTED_EDGE('',*,*,#1480,.F.);
#2078=ORIENTED_EDGE('',*,*,#1481,.F.);
#2079=ORIENTED_EDGE('',*,*,#1441,.F.);
#2080=ORIENTED_EDGE('',*,*,#1482,.F.);
#2081=ORIENTED_EDGE('',*,*,#1477,.T.);
#2082=ORIENTED_EDGE('',*,*,#1460,.F.);
#2083=ORIENTED_EDGE('',*,*,#1425,.F.);
#2084=ORIENTED_EDGE('',*,*,#1483,.F.);
#2085=ORIENTED_EDGE('',*,*,#1476,.T.);
#2086=ORIENTED_EDGE('',*,*,#1484,.F.);
#2087=ORIENTED_EDGE('',*,*,#1431,.T.);
#2088=ORIENTED_EDGE('',*,*,#1451,.F.);
#2089=ORIENTED_EDGE('',*,*,#1475,.T.);
#2090=ORIENTED_EDGE('',*,*,#1485,.F.);
#2091=ORIENTED_EDGE('',*,*,#1432,.T.);
#2092=ORIENTED_EDGE('',*,*,#1484,.T.);
#2093=ORIENTED_EDGE('',*,*,#1474,.T.);
#2094=ORIENTED_EDGE('',*,*,#1486,.T.);
#2095=ORIENTED_EDGE('',*,*,#1433,.F.);
#2096=ORIENTED_EDGE('',*,*,#1485,.T.);
#2097=ORIENTED_EDGE('',*,*,#1468,.T.);
#2098=ORIENTED_EDGE('',*,*,#1487,.T.);
#2099=ORIENTED_EDGE('',*,*,#1488,.F.);
#2100=ORIENTED_EDGE('',*,*,#1489,.T.);
#2101=ORIENTED_EDGE('',*,*,#1467,.T.);
#2102=ORIENTED_EDGE('',*,*,#1490,.F.);
#2103=ORIENTED_EDGE('',*,*,#1491,.F.);
#2104=ORIENTED_EDGE('',*,*,#1487,.F.);
#2105=ORIENTED_EDGE('',*,*,#1466,.T.);
#2106=ORIENTED_EDGE('',*,*,#1492,.T.);
#2107=ORIENTED_EDGE('',*,*,#1493,.F.);
#2108=ORIENTED_EDGE('',*,*,#1490,.T.);
#2109=ORIENTED_EDGE('',*,*,#1465,.T.);
#2110=ORIENTED_EDGE('',*,*,#1494,.F.);
#2111=ORIENTED_EDGE('',*,*,#1495,.F.);
#2112=ORIENTED_EDGE('',*,*,#1492,.F.);
#2113=ORIENTED_EDGE('',*,*,#1478,.T.);
#2114=ORIENTED_EDGE('',*,*,#1483,.T.);
#2115=ORIENTED_EDGE('',*,*,#1424,.F.);
#2116=ORIENTED_EDGE('',*,*,#1496,.T.);
#2117=ORIENTED_EDGE('',*,*,#1473,.T.);
#2118=ORIENTED_EDGE('',*,*,#1462,.F.);
#2119=ORIENTED_EDGE('',*,*,#1434,.F.);
#2120=ORIENTED_EDGE('',*,*,#1486,.F.);
#2121=ORIENTED_EDGE('',*,*,#1479,.T.);
#2122=ORIENTED_EDGE('',*,*,#1496,.F.);
#2123=ORIENTED_EDGE('',*,*,#1423,.T.);
#2124=ORIENTED_EDGE('',*,*,#1497,.T.);
#2125=ORIENTED_EDGE('',*,*,#1480,.T.);
#2126=ORIENTED_EDGE('',*,*,#1497,.F.);
#2127=ORIENTED_EDGE('',*,*,#1422,.T.);
#2128=ORIENTED_EDGE('',*,*,#1498,.F.);
#2129=ORIENTED_EDGE('',*,*,#1482,.T.);
#2130=ORIENTED_EDGE('',*,*,#1499,.T.);
#2131=ORIENTED_EDGE('',*,*,#1458,.T.);
#2132=ORIENTED_EDGE('',*,*,#1499,.F.);
#2133=ORIENTED_EDGE('',*,*,#1442,.F.);
#2134=ORIENTED_EDGE('',*,*,#1481,.T.);
#2135=ORIENTED_EDGE('',*,*,#1498,.T.);
#2136=ORIENTED_EDGE('',*,*,#1421,.T.);
#2137=ORIENTED_EDGE('',*,*,#1472,.T.);
#2138=ORIENTED_EDGE('',*,*,#1500,.T.);
#2139=ORIENTED_EDGE('',*,*,#1459,.T.);
#2140=ORIENTED_EDGE('',*,*,#1500,.F.);
#2141=ORIENTED_EDGE('',*,*,#1469,.T.);
#2142=ORIENTED_EDGE('',*,*,#1489,.F.);
#2143=ORIENTED_EDGE('',*,*,#1501,.F.);
#2144=ORIENTED_EDGE('',*,*,#1502,.F.);
#2145=ORIENTED_EDGE('',*,*,#1470,.T.);
#2146=ORIENTED_EDGE('',*,*,#1502,.T.);
#2147=ORIENTED_EDGE('',*,*,#1503,.F.);
#2148=ORIENTED_EDGE('',*,*,#1504,.T.);
#2149=ORIENTED_EDGE('',*,*,#1471,.T.);
#2150=ORIENTED_EDGE('',*,*,#1504,.F.);
#2151=ORIENTED_EDGE('',*,*,#1505,.F.);
#2152=ORIENTED_EDGE('',*,*,#1506,.F.);
#2153=ORIENTED_EDGE('',*,*,#1464,.T.);
#2154=ORIENTED_EDGE('',*,*,#1506,.T.);
#2155=ORIENTED_EDGE('',*,*,#1507,.F.);
#2156=ORIENTED_EDGE('',*,*,#1494,.T.);
#2157=ORIENTED_EDGE('',*,*,#1437,.F.);
#2158=ORIENTED_EDGE('',*,*,#1508,.T.);
#2159=ORIENTED_EDGE('',*,*,#1509,.F.);
#2160=ORIENTED_EDGE('',*,*,#1508,.F.);
#2161=ORIENTED_EDGE('',*,*,#1436,.F.);
#2162=ORIENTED_EDGE('',*,*,#1510,.T.);
#2163=ORIENTED_EDGE('',*,*,#1511,.F.);
#2164=ORIENTED_EDGE('',*,*,#1510,.F.);
#2165=ORIENTED_EDGE('',*,*,#1438,.F.);
#2166=ORIENTED_EDGE('',*,*,#1512,.T.);
#2167=ORIENTED_EDGE('',*,*,#1513,.F.);
#2168=ORIENTED_EDGE('',*,*,#1512,.F.);
#2169=ORIENTED_EDGE('',*,*,#1501,.T.);
#2170=ORIENTED_EDGE('',*,*,#1488,.T.);
#2171=ORIENTED_EDGE('',*,*,#1491,.T.);
#2172=ORIENTED_EDGE('',*,*,#1493,.T.);
#2173=ORIENTED_EDGE('',*,*,#1495,.T.);
#2174=ORIENTED_EDGE('',*,*,#1507,.T.);
#2175=ORIENTED_EDGE('',*,*,#1505,.T.);
#2176=ORIENTED_EDGE('',*,*,#1503,.T.);
#2177=ORIENTED_EDGE('',*,*,#1513,.T.);
#2178=ORIENTED_EDGE('',*,*,#1511,.T.);
#2179=ORIENTED_EDGE('',*,*,#1509,.T.);
#2180=ORIENTED_EDGE('',*,*,#1514,.T.);
#2181=ORIENTED_EDGE('',*,*,#1515,.T.);
#2182=ORIENTED_EDGE('',*,*,#1516,.T.);
#2183=ORIENTED_EDGE('',*,*,#1517,.T.);
#2184=ORIENTED_EDGE('',*,*,#1515,.F.);
#2185=ORIENTED_EDGE('',*,*,#1518,.F.);
#2186=ORIENTED_EDGE('',*,*,#1519,.F.);
#2187=ORIENTED_EDGE('',*,*,#1520,.F.);
#2188=ORIENTED_EDGE('',*,*,#1514,.F.);
#2189=ORIENTED_EDGE('',*,*,#1521,.T.);
#2190=ORIENTED_EDGE('',*,*,#1522,.F.);
#2191=ORIENTED_EDGE('',*,*,#1523,.T.);
#2192=ORIENTED_EDGE('',*,*,#1524,.F.);
#2193=ORIENTED_EDGE('',*,*,#1525,.T.);
#2194=ORIENTED_EDGE('',*,*,#1526,.F.);
#2195=ORIENTED_EDGE('',*,*,#1518,.T.);
#2196=ORIENTED_EDGE('',*,*,#1526,.T.);
#2197=ORIENTED_EDGE('',*,*,#1527,.T.);
#2198=ORIENTED_EDGE('',*,*,#1528,.T.);
#2199=ORIENTED_EDGE('',*,*,#1519,.T.);
#2200=ORIENTED_EDGE('',*,*,#1527,.F.);
#2201=ORIENTED_EDGE('',*,*,#1525,.F.);
#2202=ORIENTED_EDGE('',*,*,#1529,.F.);
#2203=ORIENTED_EDGE('',*,*,#1530,.F.);
#2204=ORIENTED_EDGE('',*,*,#1531,.T.);
#2205=ORIENTED_EDGE('',*,*,#1532,.T.);
#2206=ORIENTED_EDGE('',*,*,#1533,.T.);
#2207=ORIENTED_EDGE('',*,*,#1534,.T.);
#2208=ORIENTED_EDGE('',*,*,#1532,.F.);
#2209=ORIENTED_EDGE('',*,*,#1535,.F.);
#2210=ORIENTED_EDGE('',*,*,#1536,.F.);
#2211=ORIENTED_EDGE('',*,*,#1537,.F.);
#2212=ORIENTED_EDGE('',*,*,#1531,.F.);
#2213=ORIENTED_EDGE('',*,*,#1538,.T.);
#2214=ORIENTED_EDGE('',*,*,#1539,.F.);
#2215=ORIENTED_EDGE('',*,*,#1540,.T.);
#2216=ORIENTED_EDGE('',*,*,#1541,.F.);
#2217=ORIENTED_EDGE('',*,*,#1542,.T.);
#2218=ORIENTED_EDGE('',*,*,#1543,.F.);
#2219=ORIENTED_EDGE('',*,*,#1535,.T.);
#2220=ORIENTED_EDGE('',*,*,#1543,.T.);
#2221=ORIENTED_EDGE('',*,*,#1544,.T.);
#2222=ORIENTED_EDGE('',*,*,#1545,.T.);
#2223=ORIENTED_EDGE('',*,*,#1536,.T.);
#2224=ORIENTED_EDGE('',*,*,#1546,.F.);
#2225=ORIENTED_EDGE('',*,*,#1544,.F.);
#2226=ORIENTED_EDGE('',*,*,#1542,.F.);
#2227=ORIENTED_EDGE('',*,*,#1547,.F.);
#2228=ORIENTED_EDGE('',*,*,#1548,.F.);
#2229=ORIENTED_EDGE('',*,*,#1549,.T.);
#2230=ORIENTED_EDGE('',*,*,#1550,.F.);
#2231=ORIENTED_EDGE('',*,*,#1551,.F.);
#2232=ORIENTED_EDGE('',*,*,#1522,.T.);
#2233=ORIENTED_EDGE('',*,*,#1552,.T.);
#2234=ORIENTED_EDGE('',*,*,#1553,.T.);
#2235=ORIENTED_EDGE('',*,*,#1554,.T.);
#2236=ORIENTED_EDGE('',*,*,#1517,.F.);
#2237=ORIENTED_EDGE('',*,*,#1555,.F.);
#2238=ORIENTED_EDGE('',*,*,#1552,.F.);
#2239=ORIENTED_EDGE('',*,*,#1521,.F.);
#2240=ORIENTED_EDGE('',*,*,#1539,.T.);
#2241=ORIENTED_EDGE('',*,*,#1556,.T.);
#2242=ORIENTED_EDGE('',*,*,#1557,.T.);
#2243=ORIENTED_EDGE('',*,*,#1558,.T.);
#2244=ORIENTED_EDGE('',*,*,#1558,.F.);
#2245=ORIENTED_EDGE('',*,*,#1559,.F.);
#2246=ORIENTED_EDGE('',*,*,#1560,.F.);
#2247=ORIENTED_EDGE('',*,*,#1540,.F.);
#2248=ORIENTED_EDGE('',*,*,#1541,.T.);
#2249=ORIENTED_EDGE('',*,*,#1560,.T.);
#2250=ORIENTED_EDGE('',*,*,#1561,.T.);
#2251=ORIENTED_EDGE('',*,*,#1547,.T.);
#2252=ORIENTED_EDGE('',*,*,#1524,.T.);
#2253=ORIENTED_EDGE('',*,*,#1562,.T.);
#2254=ORIENTED_EDGE('',*,*,#1563,.T.);
#2255=ORIENTED_EDGE('',*,*,#1529,.T.);
#2256=ORIENTED_EDGE('',*,*,#1534,.F.);
#2257=ORIENTED_EDGE('',*,*,#1564,.F.);
#2258=ORIENTED_EDGE('',*,*,#1556,.F.);
#2259=ORIENTED_EDGE('',*,*,#1538,.F.);
#2260=ORIENTED_EDGE('',*,*,#1559,.T.);
#2261=ORIENTED_EDGE('',*,*,#1557,.F.);
#2262=ORIENTED_EDGE('',*,*,#1564,.T.);
#2263=ORIENTED_EDGE('',*,*,#1533,.F.);
#2264=ORIENTED_EDGE('',*,*,#1537,.T.);
#2265=ORIENTED_EDGE('',*,*,#1545,.F.);
#2266=ORIENTED_EDGE('',*,*,#1546,.T.);
#2267=ORIENTED_EDGE('',*,*,#1565,.F.);
#2268=ORIENTED_EDGE('',*,*,#1566,.F.);
#2269=ORIENTED_EDGE('',*,*,#1553,.F.);
#2270=ORIENTED_EDGE('',*,*,#1555,.T.);
#2271=ORIENTED_EDGE('',*,*,#1516,.F.);
#2272=ORIENTED_EDGE('',*,*,#1520,.T.);
#2273=ORIENTED_EDGE('',*,*,#1528,.F.);
#2274=ORIENTED_EDGE('',*,*,#1530,.T.);
#2275=ORIENTED_EDGE('',*,*,#1563,.F.);
#2276=ORIENTED_EDGE('',*,*,#1567,.F.);
#2277=ORIENTED_EDGE('',*,*,#1568,.F.);
#2278=ORIENTED_EDGE('',*,*,#1548,.T.);
#2279=ORIENTED_EDGE('',*,*,#1561,.F.);
#2280=ORIENTED_EDGE('',*,*,#1569,.F.);
#2281=ORIENTED_EDGE('',*,*,#1570,.F.);
#2282=ORIENTED_EDGE('',*,*,#1571,.F.);
#2283=ORIENTED_EDGE('',*,*,#1572,.T.);
#2284=ORIENTED_EDGE('',*,*,#1569,.T.);
#2285=ORIENTED_EDGE('',*,*,#1572,.F.);
#2286=ORIENTED_EDGE('',*,*,#1573,.F.);
#2287=ORIENTED_EDGE('',*,*,#1574,.T.);
#2288=ORIENTED_EDGE('',*,*,#1570,.T.);
#2289=ORIENTED_EDGE('',*,*,#1574,.F.);
#2290=ORIENTED_EDGE('',*,*,#1565,.T.);
#2291=ORIENTED_EDGE('',*,*,#1551,.T.);
#2292=ORIENTED_EDGE('',*,*,#1575,.F.);
#2293=ORIENTED_EDGE('',*,*,#1576,.F.);
#2294=ORIENTED_EDGE('',*,*,#1566,.T.);
#2295=ORIENTED_EDGE('',*,*,#1576,.T.);
#2296=ORIENTED_EDGE('',*,*,#1577,.F.);
#2297=ORIENTED_EDGE('',*,*,#1578,.F.);
#2298=ORIENTED_EDGE('',*,*,#1567,.T.);
#2299=ORIENTED_EDGE('',*,*,#1562,.F.);
#2300=ORIENTED_EDGE('',*,*,#1523,.F.);
#2301=ORIENTED_EDGE('',*,*,#1554,.F.);
#2302=ORIENTED_EDGE('',*,*,#1568,.T.);
#2303=ORIENTED_EDGE('',*,*,#1578,.T.);
#2304=ORIENTED_EDGE('',*,*,#1579,.F.);
#2305=ORIENTED_EDGE('',*,*,#1549,.F.);
#2306=ORIENTED_EDGE('',*,*,#1579,.T.);
#2307=ORIENTED_EDGE('',*,*,#1577,.T.);
#2308=ORIENTED_EDGE('',*,*,#1575,.T.);
#2309=ORIENTED_EDGE('',*,*,#1550,.T.);
#2310=ORIENTED_EDGE('',*,*,#1573,.T.);
#2311=ORIENTED_EDGE('',*,*,#1571,.T.);
#2312=CYLINDRICAL_SURFACE('',#2547,1.);
#2313=CYLINDRICAL_SURFACE('',#2568,3.);
#2314=CYLINDRICAL_SURFACE('',#2570,1.);
#2315=CYLINDRICAL_SURFACE('',#2576,1.);
#2316=CYLINDRICAL_SURFACE('',#2596,3.);
#2317=CYLINDRICAL_SURFACE('',#2598,1.);
#2318=CYLINDRICAL_SURFACE('',#2607,1.);
#2319=CYLINDRICAL_SURFACE('',#2610,1.);
#2320=CYLINDRICAL_SURFACE('',#2612,2.5);
#2321=CYLINDRICAL_SURFACE('',#2615,1.);
#2322=CYLINDRICAL_SURFACE('',#2618,1.);
#2323=CYLINDRICAL_SURFACE('',#2620,2.5);
#2324=CYLINDRICAL_SURFACE('',#2624,0.3);
#2325=CYLINDRICAL_SURFACE('',#2626,1.);
#2326=CYLINDRICAL_SURFACE('',#2638,0.3);
#2327=CYLINDRICAL_SURFACE('',#2652,0.3);
#2328=CYLINDRICAL_SURFACE('',#2654,0.3);
#2329=CYLINDRICAL_SURFACE('',#2655,0.3);
#2330=CYLINDRICAL_SURFACE('',#2656,1.);
#2331=CYLINDRICAL_SURFACE('',#2657,0.3);
#2332=CYLINDRICAL_SURFACE('',#2659,0.3);
#2333=CYLINDRICAL_SURFACE('',#2661,0.3);
#2334=CYLINDRICAL_SURFACE('',#2663,4.);
#2335=CYLINDRICAL_SURFACE('',#2664,1.);
#2336=CYLINDRICAL_SURFACE('',#2665,4.);
#2337=CYLINDRICAL_SURFACE('',#2666,1.);
#2338=CYLINDRICAL_SURFACE('',#2667,3.);
#2339=CYLINDRICAL_SURFACE('',#2669,3.);
#2340=CYLINDRICAL_SURFACE('',#2670,1.);
#2341=CYLINDRICAL_SURFACE('',#2672,1.);
#2342=CYLINDRICAL_SURFACE('',#2674,1.);
#2343=CYLINDRICAL_SURFACE('',#2676,1.);
#2344=CYLINDRICAL_SURFACE('',#2678,2.5);
#2345=CYLINDRICAL_SURFACE('',#2681,2.5);
#2346=CYLINDRICAL_SURFACE('',#2684,2.5);
#2347=CYLINDRICAL_SURFACE('',#2687,2.5);
#2348=CYLINDRICAL_SURFACE('',#2689,2.05);
#2349=CYLINDRICAL_SURFACE('',#2690,2.05);
#2350=CYLINDRICAL_SURFACE('',#2691,1.25);
#2351=CYLINDRICAL_SURFACE('',#2697,1.25);
#2352=CYLINDRICAL_SURFACE('',#2703,5.5);
#2353=CYLINDRICAL_SURFACE('',#2705,5.5);
#2354=CYLINDRICAL_SURFACE('',#2707,5.5);
#2355=CYLINDRICAL_SURFACE('',#2710,1.);
#2356=CYLINDRICAL_SURFACE('',#2728,3.);
#2357=CYLINDRICAL_SURFACE('',#2730,1.);
#2358=CYLINDRICAL_SURFACE('',#2732,1.);
#2359=CYLINDRICAL_SURFACE('',#2734,3.);
#2360=CYLINDRICAL_SURFACE('',#2736,1.);
#2361=CYLINDRICAL_SURFACE('',#2739,2.);
#2362=CYLINDRICAL_SURFACE('',#2742,2.);
#2363=CYLINDRICAL_SURFACE('',#2767,1.);
#2364=CYLINDRICAL_SURFACE('',#2768,4.);
#2365=CYLINDRICAL_SURFACE('',#2769,1.);
#2366=CYLINDRICAL_SURFACE('',#2771,2.5);
#2367=CYLINDRICAL_SURFACE('',#2774,2.5);
#2368=CYLINDRICAL_SURFACE('',#2776,1.);
#2369=CYLINDRICAL_SURFACE('',#2778,4.);
#2370=CYLINDRICAL_SURFACE('',#2779,1.);
#2371=CYLINDRICAL_SURFACE('',#2780,3.);
#2372=CYLINDRICAL_SURFACE('',#2782,3.);
#2373=CYLINDRICAL_SURFACE('',#2783,2.5);
#2374=CYLINDRICAL_SURFACE('',#2786,2.5);
#2375=CYLINDRICAL_SURFACE('',#2789,5.5);
#2376=CYLINDRICAL_SURFACE('',#2791,5.5);
#2377=CYLINDRICAL_SURFACE('',#2793,5.5);
#2378=CYLINDRICAL_SURFACE('',#2796,0.5);
#2379=CYLINDRICAL_SURFACE('',#2806,0.5);
#2380=CYLINDRICAL_SURFACE('',#2808,2.75);
#2381=CYLINDRICAL_SURFACE('',#2810,0.5);
#2382=CYLINDRICAL_SURFACE('',#2813,2.75);
#2383=CYLINDRICAL_SURFACE('',#2821,0.5);
#2384=CYLINDRICAL_SURFACE('',#2824,0.5);
#2385=CYLINDRICAL_SURFACE('',#2826,2.75);
#2386=CYLINDRICAL_SURFACE('',#2828,0.5);
#2387=CYLINDRICAL_SURFACE('',#2830,2.75);
#2388=CYLINDRICAL_SURFACE('',#2832,0.5);
#2389=CYLINDRICAL_SURFACE('',#2834,0.5);
#2390=CYLINDRICAL_SURFACE('',#2842,1.65);
#2391=CYLINDRICAL_SURFACE('',#2844,1.65);
#2392=CYLINDRICAL_SURFACE('',#2846,2.5);
#2393=CYLINDRICAL_SURFACE('',#2849,2.5);
#2394=ADVANCED_FACE('',(#103),#2312,.F.);
#2395=ADVANCED_FACE('',(#104,#19,#20),#48,.T.);
#2396=ADVANCED_FACE('',(#105),#2313,.T.);
#2397=ADVANCED_FACE('',(#106),#2314,.F.);
#2398=ADVANCED_FACE('',(#107),#49,.F.);
#2399=ADVANCED_FACE('',(#108),#50,.T.);
#2400=ADVANCED_FACE('',(#109),#51,.F.);
#2401=ADVANCED_FACE('',(#110),#2315,.F.);
#2402=ADVANCED_FACE('',(#111,#21),#52,.T.);
#2403=ADVANCED_FACE('',(#112),#2316,.T.);
#2404=ADVANCED_FACE('',(#113),#2317,.F.);
#2405=ADVANCED_FACE('',(#114),#53,.F.);
#2406=ADVANCED_FACE('',(#115),#54,.T.);
#2407=ADVANCED_FACE('',(#116),#55,.T.);
#2408=ADVANCED_FACE('',(#117),#56,.T.);
#2409=ADVANCED_FACE('',(#118),#2318,.F.);
#2410=ADVANCED_FACE('',(#119),#57,.T.);
#2411=ADVANCED_FACE('',(#120),#2319,.F.);
#2412=ADVANCED_FACE('',(#121),#2320,.T.);
#2413=ADVANCED_FACE('',(#122),#2321,.F.);
#2414=ADVANCED_FACE('',(#123),#58,.T.);
#2415=ADVANCED_FACE('',(#124),#2322,.F.);
#2416=ADVANCED_FACE('',(#125),#2323,.T.);
#2417=ADVANCED_FACE('',(#126),#59,.T.);
#2418=ADVANCED_FACE('',(#127),#2324,.T.);
#2419=ADVANCED_FACE('',(#128),#2325,.F.);
#2420=ADVANCED_FACE('',(#129,#22,#23),#60,.T.);
#2421=ADVANCED_FACE('',(#130),#2326,.T.);
#2422=ADVANCED_FACE('',(#131),#61,.F.);
#2423=ADVANCED_FACE('',(#132,#24,#25),#62,.T.);
#2424=ADVANCED_FACE('',(#133),#2327,.T.);
#2425=ADVANCED_FACE('',(#134),#63,.F.);
#2426=ADVANCED_FACE('',(#135),#2328,.T.);
#2427=ADVANCED_FACE('',(#136),#2329,.T.);
#2428=ADVANCED_FACE('',(#137),#2330,.F.);
#2429=ADVANCED_FACE('',(#138),#2331,.T.);
#2430=ADVANCED_FACE('',(#139),#64,.T.);
#2431=ADVANCED_FACE('',(#140),#2332,.T.);
#2432=ADVANCED_FACE('',(#141),#65,.F.);
#2433=ADVANCED_FACE('',(#142),#2333,.T.);
#2434=ADVANCED_FACE('',(#143),#66,.F.);
#2435=ADVANCED_FACE('',(#144),#2334,.T.);
#2436=ADVANCED_FACE('',(#145),#2335,.F.);
#2437=ADVANCED_FACE('',(#146),#2336,.T.);
#2438=ADVANCED_FACE('',(#147),#2337,.F.);
#2439=ADVANCED_FACE('',(#148),#2338,.F.);
#2440=ADVANCED_FACE('',(#149),#67,.F.);
#2441=ADVANCED_FACE('',(#150),#2339,.F.);
#2442=ADVANCED_FACE('',(#151),#2340,.F.);
#2443=ADVANCED_FACE('',(#152),#2341,.F.);
#2444=ADVANCED_FACE('',(#153),#2342,.F.);
#2445=ADVANCED_FACE('',(#154),#2343,.F.);
#2446=ADVANCED_FACE('',(#155),#2344,.T.);
#2447=ADVANCED_FACE('',(#156),#68,.T.);
#2448=ADVANCED_FACE('',(#157),#2345,.T.);
#2449=ADVANCED_FACE('',(#158),#69,.T.);
#2450=ADVANCED_FACE('',(#159),#2346,.T.);
#2451=ADVANCED_FACE('',(#160),#70,.T.);
#2452=ADVANCED_FACE('',(#161),#2347,.T.);
#2453=ADVANCED_FACE('',(#162),#2348,.F.);
#2454=ADVANCED_FACE('',(#163),#2349,.F.);
#2455=ADVANCED_FACE('',(#164),#2350,.F.);
#2456=ADVANCED_FACE('',(#165),#71,.T.);
#2457=ADVANCED_FACE('',(#166),#72,.T.);
#2458=ADVANCED_FACE('',(#167,#26),#73,.T.);
#2459=ADVANCED_FACE('',(#168),#2351,.F.);
#2460=ADVANCED_FACE('',(#169),#74,.T.);
#2461=ADVANCED_FACE('',(#170),#75,.T.);
#2462=ADVANCED_FACE('',(#171,#27),#76,.T.);
#2463=ADVANCED_FACE('',(#172),#2352,.F.);
#2464=ADVANCED_FACE('',(#173),#2353,.F.);
#2465=ADVANCED_FACE('',(#174),#2354,.F.);
#2466=ADVANCED_FACE('',(#175,#28,#29,#30,#31,#32),#77,.F.);
#2467=ADVANCED_FACE('',(#176),#2355,.F.);
#2468=ADVANCED_FACE('',(#177,#33,#34,#35),#78,.F.);
#2469=ADVANCED_FACE('',(#178),#2356,.T.);
#2470=ADVANCED_FACE('',(#179),#2357,.F.);
#2471=ADVANCED_FACE('',(#180),#2358,.F.);
#2472=ADVANCED_FACE('',(#181),#2359,.T.);
#2473=ADVANCED_FACE('',(#182),#2360,.F.);
#2474=ADVANCED_FACE('',(#183),#79,.T.);
#2475=ADVANCED_FACE('',(#184),#2361,.T.);
#2476=ADVANCED_FACE('',(#185),#2362,.T.);
#2477=ADVANCED_FACE('',(#186),#80,.T.);
#2478=ADVANCED_FACE('',(#187),#81,.T.);
#2479=ADVANCED_FACE('',(#188),#82,.F.);
#2480=ADVANCED_FACE('',(#189),#83,.F.);
#2481=ADVANCED_FACE('',(#190),#84,.T.);
#2482=ADVANCED_FACE('',(#191),#85,.T.);
#2483=ADVANCED_FACE('',(#192,#36,#37,#38,#39,#40),#86,.F.);
#2484=ADVANCED_FACE('',(#193),#87,.T.);
#2485=ADVANCED_FACE('',(#194),#2363,.F.);
#2486=ADVANCED_FACE('',(#195),#2364,.T.);
#2487=ADVANCED_FACE('',(#196),#2365,.F.);
#2488=ADVANCED_FACE('',(#197),#88,.F.);
#2489=ADVANCED_FACE('',(#198),#2366,.T.);
#2490=ADVANCED_FACE('',(#199),#89,.F.);
#2491=ADVANCED_FACE('',(#200),#2367,.T.);
#2492=ADVANCED_FACE('',(#201),#2368,.F.);
#2493=ADVANCED_FACE('',(#202),#90,.T.);
#2494=ADVANCED_FACE('',(#203),#2369,.T.);
#2495=ADVANCED_FACE('',(#204),#2370,.F.);
#2496=ADVANCED_FACE('',(#205),#2371,.F.);
#2497=ADVANCED_FACE('',(#206),#91,.T.);
#2498=ADVANCED_FACE('',(#207),#2372,.F.);
#2499=ADVANCED_FACE('',(#208),#2373,.T.);
#2500=ADVANCED_FACE('',(#209),#92,.F.);
#2501=ADVANCED_FACE('',(#210),#2374,.T.);
#2502=ADVANCED_FACE('',(#211),#93,.F.);
#2503=ADVANCED_FACE('',(#212),#2375,.F.);
#2504=ADVANCED_FACE('',(#213),#2376,.F.);
#2505=ADVANCED_FACE('',(#214),#2377,.F.);
#2506=ADVANCED_FACE('',(#215,#41,#42,#43),#94,.T.);
#2507=ADVANCED_FACE('',(#216),#2378,.T.);
#2508=ADVANCED_FACE('',(#217),#95,.T.);
#2509=ADVANCED_FACE('',(#218),#96,.F.);
#2510=ADVANCED_FACE('',(#219),#2379,.T.);
#2511=ADVANCED_FACE('',(#220),#2380,.F.);
#2512=ADVANCED_FACE('',(#221),#2381,.T.);
#2513=ADVANCED_FACE('',(#222),#2382,.F.);
#2514=ADVANCED_FACE('',(#223),#97,.F.);
#2515=ADVANCED_FACE('',(#224),#2383,.T.);
#2516=ADVANCED_FACE('',(#225),#98,.T.);
#2517=ADVANCED_FACE('',(#226),#2384,.T.);
#2518=ADVANCED_FACE('',(#227),#2385,.F.);
#2519=ADVANCED_FACE('',(#228),#2386,.T.);
#2520=ADVANCED_FACE('',(#229),#2387,.F.);
#2521=ADVANCED_FACE('',(#230),#2388,.T.);
#2522=ADVANCED_FACE('',(#231),#2389,.T.);
#2523=ADVANCED_FACE('',(#232),#99,.T.);
#2524=ADVANCED_FACE('',(#233,#44,#45),#100,.F.);
#2525=ADVANCED_FACE('',(#234),#2390,.F.);
#2526=ADVANCED_FACE('',(#235),#2391,.F.);
#2527=ADVANCED_FACE('',(#236),#2392,.T.);
#2528=ADVANCED_FACE('',(#237),#101,.T.);
#2529=ADVANCED_FACE('',(#238),#2393,.T.);
#2530=ADVANCED_FACE('',(#239,#46,#47),#102,.T.);
#2531=CLOSED_SHELL('',(#2394,#2395,#2396,#2397,#2398,#2399,#2400,#2401,
#2402,#2403,#2404,#2405,#2406,#2407,#2408,#2409,#2410,#2411,#2412,#2413,
#2414,#2415,#2416,#2417,#2418,#2419,#2420,#2421,#2422,#2423,#2424,#2425,
#2426,#2427,#2428,#2429,#2430,#2431,#2432,#2433,#2434,#2435,#2436,#2437,
#2438,#2439,#2440,#2441,#2442,#2443,#2444,#2445,#2446,#2447,#2448,#2449,
#2450,#2451,#2452,#2453,#2454,#2455,#2456,#2457,#2458,#2459,#2460,#2461,
#2462,#2463,#2464,#2465,#2466));
#2532=CLOSED_SHELL('',(#2467,#2468,#2469,#2470,#2471,#2472,#2473,#2474,
#2475,#2476,#2477,#2478,#2479,#2480,#2481,#2482,#2483,#2484,#2485,#2486,
#2487,#2488,#2489,#2490,#2491,#2492,#2493,#2494,#2495,#2496,#2497,#2498,
#2499,#2500,#2501,#2502,#2503,#2504,#2505,#2506));
#2533=CLOSED_SHELL('',(#2507,#2508,#2509,#2510,#2511,#2512,#2513,#2514,
#2515,#2516,#2517,#2518,#2519,#2520,#2521,#2522,#2523,#2524,#2525,#2526,
#2527,#2528,#2529,#2530));
#2534=DERIVED_UNIT_ELEMENT(#2536,1.);
#2535=DERIVED_UNIT_ELEMENT(#4415,-3.);
#2536=(
MASS_UNIT()
NAMED_UNIT(*)
SI_UNIT(.KILO.,.GRAM.)
);
#2537=DERIVED_UNIT((#2534,#2535));
#2538=MEASURE_REPRESENTATION_ITEM('density measure',
POSITIVE_RATIO_MEASURE(7850.),#2537);
#2539=PROPERTY_DEFINITION_REPRESENTATION(#2544,#2541);
#2540=PROPERTY_DEFINITION_REPRESENTATION(#2545,#2542);
#2541=REPRESENTATION('material name',(#2543),#4412);
#2542=REPRESENTATION('density',(#2538),#4412);
#2543=DESCRIPTIVE_REPRESENTATION_ITEM('\X2\92FC\X0\','\X2\92FC\X0\');
#2544=PROPERTY_DEFINITION('material property','material name',#4422);
#2545=PROPERTY_DEFINITION('material property','density of part',#4422);
#2546=AXIS2_PLACEMENT_3D('',#3662,#2852,#2853);
#2547=AXIS2_PLACEMENT_3D('',#3663,#2854,#2855);
#2548=AXIS2_PLACEMENT_3D('',#3666,#2856,#2857);
#2549=AXIS2_PLACEMENT_3D('',#3670,#2859,#2860);
#2550=AXIS2_PLACEMENT_3D('',#3672,#2862,#2863);
#2551=AXIS2_PLACEMENT_3D('',#3674,#2864,#2865);
#2552=AXIS2_PLACEMENT_3D('',#3676,#2866,#2867);
#2553=AXIS2_PLACEMENT_3D('',#3680,#2869,#2870);
#2554=AXIS2_PLACEMENT_3D('',#3684,#2872,#2873);
#2555=AXIS2_PLACEMENT_3D('',#3688,#2875,#2876);
#2556=AXIS2_PLACEMENT_3D('',#3692,#2878,#2879);
#2557=AXIS2_PLACEMENT_3D('',#3694,#2880,#2881);
#2558=AXIS2_PLACEMENT_3D('',#3696,#2882,#2883);
#2559=AXIS2_PLACEMENT_3D('',#3698,#2884,#2885);
#2560=AXIS2_PLACEMENT_3D('',#3702,#2887,#2888);
#2561=AXIS2_PLACEMENT_3D('',#3706,#2890,#2891);
#2562=AXIS2_PLACEMENT_3D('',#3708,#2892,#2893);
#2563=AXIS2_PLACEMENT_3D('',#3712,#2895,#2896);
#2564=AXIS2_PLACEMENT_3D('',#3714,#2897,#2898);
#2565=AXIS2_PLACEMENT_3D('',#3718,#2900,#2901);
#2566=AXIS2_PLACEMENT_3D('',#3721,#2903,#2904);
#2567=AXIS2_PLACEMENT_3D('',#3723,#2905,#2906);
#2568=AXIS2_PLACEMENT_3D('',#3724,#2907,#2908);
#2569=AXIS2_PLACEMENT_3D('',#3726,#2909,#2910);
#2570=AXIS2_PLACEMENT_3D('',#3728,#2912,#2913);
#2571=AXIS2_PLACEMENT_3D('',#3730,#2914,#2915);
#2572=AXIS2_PLACEMENT_3D('',#3732,#2917,#2918);
#2573=AXIS2_PLACEMENT_3D('',#3736,#2921,#2922);
#2574=AXIS2_PLACEMENT_3D('',#3738,#2923,#2924);
#2575=AXIS2_PLACEMENT_3D('',#3739,#2925,#2926);
#2576=AXIS2_PLACEMENT_3D('',#3751,#2933,#2934);
#2577=AXIS2_PLACEMENT_3D('',#3754,#2935,#2936);
#2578=AXIS2_PLACEMENT_3D('',#3758,#2938,#2939);
#2579=AXIS2_PLACEMENT_3D('',#3760,#2941,#2942);
#2580=AXIS2_PLACEMENT_3D('',#3762,#2943,#2944);
#2581=AXIS2_PLACEMENT_3D('',#3764,#2945,#2946);
#2582=AXIS2_PLACEMENT_3D('',#3768,#2948,#2949);
#2583=AXIS2_PLACEMENT_3D('',#3772,#2951,#2952);
#2584=AXIS2_PLACEMENT_3D('',#3776,#2954,#2955);
#2585=AXIS2_PLACEMENT_3D('',#3780,#2957,#2958);
#2586=AXIS2_PLACEMENT_3D('',#3782,#2959,#2960);
#2587=AXIS2_PLACEMENT_3D('',#3784,#2961,#2962);
#2588=AXIS2_PLACEMENT_3D('',#3785,#2963,#2964);
#2589=AXIS2_PLACEMENT_3D('',#3787,#2965,#2966);
#2590=AXIS2_PLACEMENT_3D('',#3791,#2968,#2969);
#2591=AXIS2_PLACEMENT_3D('',#3793,#2970,#2971);
#2592=AXIS2_PLACEMENT_3D('',#3797,#2973,#2974);
#2593=AXIS2_PLACEMENT_3D('',#3799,#2975,#2976);
#2594=AXIS2_PLACEMENT_3D('',#3803,#2978,#2979);
#2595=AXIS2_PLACEMENT_3D('',#3806,#2981,#2982);
#2596=AXIS2_PLACEMENT_3D('',#3807,#2983,#2984);
#2597=AXIS2_PLACEMENT_3D('',#3809,#2985,#2986);
#2598=AXIS2_PLACEMENT_3D('',#3811,#2988,#2989);
#2599=AXIS2_PLACEMENT_3D('',#3813,#2990,#2991);
#2600=AXIS2_PLACEMENT_3D('',#3815,#2993,#2994);
#2601=AXIS2_PLACEMENT_3D('',#3819,#2997,#2998);
#2602=AXIS2_PLACEMENT_3D('',#3821,#2999,#3000);
#2603=AXIS2_PLACEMENT_3D('',#3822,#3001,#3002);
#2604=AXIS2_PLACEMENT_3D('',#3824,#3003,#3004);
#2605=AXIS2_PLACEMENT_3D('',#3825,#3005,#3006);
#2606=AXIS2_PLACEMENT_3D('',#3827,#3007,#3008);
#2607=AXIS2_PLACEMENT_3D('',#3828,#3009,#3010);
#2608=AXIS2_PLACEMENT_3D('',#3832,#3012,#3013);
#2609=AXIS2_PLACEMENT_3D('',#3834,#3015,#3016);
#2610=AXIS2_PLACEMENT_3D('',#3838,#3019,#3020);
#2611=AXIS2_PLACEMENT_3D('',#3842,#3022,#3023);
#2612=AXIS2_PLACEMENT_3D('',#3844,#3025,#3026);
#2613=AXIS2_PLACEMENT_3D('',#3848,#3028,#3029);
#2614=AXIS2_PLACEMENT_3D('',#3850,#3031,#3032);
#2615=AXIS2_PLACEMENT_3D('',#3851,#3033,#3034);
#2616=AXIS2_PLACEMENT_3D('',#3855,#3036,#3037);
#2617=AXIS2_PLACEMENT_3D('',#3857,#3039,#3040);
#2618=AXIS2_PLACEMENT_3D('',#3859,#3042,#3043);
#2619=AXIS2_PLACEMENT_3D('',#3861,#3044,#3045);
#2620=AXIS2_PLACEMENT_3D('',#3863,#3047,#3048);
#2621=AXIS2_PLACEMENT_3D('',#3867,#3050,#3051);
#2622=AXIS2_PLACEMENT_3D('',#3869,#3053,#3054);
#2623=AXIS2_PLACEMENT_3D('',#3870,#3055,#3056);
#2624=AXIS2_PLACEMENT_3D('',#3871,#3057,#3058);
#2625=AXIS2_PLACEMENT_3D('',#3874,#3059,#3060);
#2626=AXIS2_PLACEMENT_3D('',#3877,#3063,#3064);
#2627=AXIS2_PLACEMENT_3D('',#3879,#3065,#3066);
#2628=AXIS2_PLACEMENT_3D('',#3881,#3068,#3069);
#2629=AXIS2_PLACEMENT_3D('',#3885,#3071,#3072);
#2630=AXIS2_PLACEMENT_3D('',#3886,#3073,#3074);
#2631=AXIS2_PLACEMENT_3D('',#3890,#3076,#3077);
#2632=AXIS2_PLACEMENT_3D('',#3894,#3079,#3080);
#2633=AXIS2_PLACEMENT_3D('',#3898,#3082,#3083);
#2634=AXIS2_PLACEMENT_3D('',#3902,#3085,#3086);
#2635=AXIS2_PLACEMENT_3D('',#3905,#3088,#3089);
#2636=AXIS2_PLACEMENT_3D('',#3907,#3090,#3091);
#2637=AXIS2_PLACEMENT_3D('',#3909,#3092,#3093);
#2638=AXIS2_PLACEMENT_3D('',#3910,#3094,#3095);
#2639=AXIS2_PLACEMENT_3D('',#3913,#3096,#3097);
#2640=AXIS2_PLACEMENT_3D('',#3916,#3100,#3101);
#2641=AXIS2_PLACEMENT_3D('',#3920,#3104,#3105);
#2642=AXIS2_PLACEMENT_3D('',#3922,#3106,#3107);
#2643=AXIS2_PLACEMENT_3D('',#3924,#3108,#3109);
#2644=AXIS2_PLACEMENT_3D('',#3926,#3110,#3111);
#2645=AXIS2_PLACEMENT_3D('',#3927,#3112,#3113);
#2646=AXIS2_PLACEMENT_3D('',#3931,#3115,#3116);
#2647=AXIS2_PLACEMENT_3D('',#3935,#3118,#3119);
#2648=AXIS2_PLACEMENT_3D('',#3939,#3121,#3122);
#2649=AXIS2_PLACEMENT_3D('',#3942,#3124,#3125);
#2650=AXIS2_PLACEMENT_3D('',#3944,#3126,#3127);
#2651=AXIS2_PLACEMENT_3D('',#3946,#3128,#3129);
#2652=AXIS2_PLACEMENT_3D('',#3947,#3130,#3131);
#2653=AXIS2_PLACEMENT_3D('',#3950,#3134,#3135);
#2654=AXIS2_PLACEMENT_3D('',#3952,#3137,#3138);
#2655=AXIS2_PLACEMENT_3D('',#3953,#3139,#3140);
#2656=AXIS2_PLACEMENT_3D('',#3955,#3142,#3143);
#2657=AXIS2_PLACEMENT_3D('',#3957,#3145,#3146);
#2658=AXIS2_PLACEMENT_3D('',#3960,#3149,#3150);
#2659=AXIS2_PLACEMENT_3D('',#3967,#3155,#3156);
#2660=AXIS2_PLACEMENT_3D('',#3969,#3158,#3159);
#2661=AXIS2_PLACEMENT_3D('',#3971,#3161,#3162);
#2662=AXIS2_PLACEMENT_3D('',#3972,#3163,#3164);
#2663=AXIS2_PLACEMENT_3D('',#3973,#3165,#3166);
#2664=AXIS2_PLACEMENT_3D('',#3975,#3168,#3169);
#2665=AXIS2_PLACEMENT_3D('',#3977,#3171,#3172);
#2666=AXIS2_PLACEMENT_3D('',#3979,#3174,#3175);
#2667=AXIS2_PLACEMENT_3D('',#3980,#3176,#3177);
#2668=AXIS2_PLACEMENT_3D('',#3982,#3179,#3180);
#2669=AXIS2_PLACEMENT_3D('',#3988,#3184,#3185);
#2670=AXIS2_PLACEMENT_3D('',#3990,#3187,#3188);
#2671=AXIS2_PLACEMENT_3D('',#3993,#3190,#3191);
#2672=AXIS2_PLACEMENT_3D('',#3994,#3192,#3193);
#2673=AXIS2_PLACEMENT_3D('',#3996,#3194,#3195);
#2674=AXIS2_PLACEMENT_3D('',#3998,#3197,#3198);
#2675=AXIS2_PLACEMENT_3D('',#4001,#3200,#3201);
#2676=AXIS2_PLACEMENT_3D('',#4002,#3202,#3203);
#2677=AXIS2_PLACEMENT_3D('',#4004,#3204,#3205);
#2678=AXIS2_PLACEMENT_3D('',#4006,#3207,#3208);
#2679=AXIS2_PLACEMENT_3D('',#4009,#3210,#3211);
#2680=AXIS2_PLACEMENT_3D('',#4010,#3212,#3213);
#2681=AXIS2_PLACEMENT_3D('',#4014,#3216,#3217);
#2682=AXIS2_PLACEMENT_3D('',#4017,#3219,#3220);
#2683=AXIS2_PLACEMENT_3D('',#4018,#3221,#3222);
#2684=AXIS2_PLACEMENT_3D('',#4022,#3225,#3226);
#2685=AXIS2_PLACEMENT_3D('',#4024,#3227,#3228);
#2686=AXIS2_PLACEMENT_3D('',#4026,#3230,#3231);
#2687=AXIS2_PLACEMENT_3D('',#4030,#3234,#3235);
#2688=AXIS2_PLACEMENT_3D('',#4031,#3236,#3237);
#2689=AXIS2_PLACEMENT_3D('',#4032,#3238,#3239);
#2690=AXIS2_PLACEMENT_3D('',#4034,#3241,#3242);
#2691=AXIS2_PLACEMENT_3D('',#4036,#3244,#3245);
#2692=AXIS2_PLACEMENT_3D('',#4038,#3246,#3247);
#2693=AXIS2_PLACEMENT_3D('',#4041,#3249,#3250);
#2694=AXIS2_PLACEMENT_3D('',#4042,#3251,#3252);
#2695=AXIS2_PLACEMENT_3D('',#4044,#3254,#3255);
#2696=AXIS2_PLACEMENT_3D('',#4046,#3257,#3258);
#2697=AXIS2_PLACEMENT_3D('',#4047,#3259,#3260);
#2698=AXIS2_PLACEMENT_3D('',#4049,#3261,#3262);
#2699=AXIS2_PLACEMENT_3D('',#4052,#3264,#3265);
#2700=AXIS2_PLACEMENT_3D('',#4053,#3266,#3267);
#2701=AXIS2_PLACEMENT_3D('',#4055,#3269,#3270);
#2702=AXIS2_PLACEMENT_3D('',#4057,#3272,#3273);
#2703=AXIS2_PLACEMENT_3D('',#4058,#3274,#3275);
#2704=AXIS2_PLACEMENT_3D('',#4061,#3277,#3278);
#2705=AXIS2_PLACEMENT_3D('',#4062,#3279,#3280);
#2706=AXIS2_PLACEMENT_3D('',#4065,#3282,#3283);
#2707=AXIS2_PLACEMENT_3D('',#4066,#3284,#3285);
#2708=AXIS2_PLACEMENT_3D('',#4069,#3287,#3288);
#2709=AXIS2_PLACEMENT_3D('',#4070,#3289,#3290);
#2710=AXIS2_PLACEMENT_3D('',#4071,#3291,#3292);
#2711=AXIS2_PLACEMENT_3D('',#4074,#3293,#3294);
#2712=AXIS2_PLACEMENT_3D('',#4078,#3296,#3297);
#2713=AXIS2_PLACEMENT_3D('',#4080,#3299,#3300);
#2714=AXIS2_PLACEMENT_3D('',#4082,#3301,#3302);
#2715=AXIS2_PLACEMENT_3D('',#4084,#3303,#3304);
#2716=AXIS2_PLACEMENT_3D('',#4088,#3306,#3307);
#2717=AXIS2_PLACEMENT_3D('',#4090,#3308,#3309);
#2718=AXIS2_PLACEMENT_3D('',#4092,#3310,#3311);
#2719=AXIS2_PLACEMENT_3D('',#4098,#3314,#3315);
#2720=AXIS2_PLACEMENT_3D('',#4100,#3316,#3317);
#2721=AXIS2_PLACEMENT_3D('',#4102,#3318,#3319);
#2722=AXIS2_PLACEMENT_3D('',#4106,#3321,#3322);
#2723=AXIS2_PLACEMENT_3D('',#4108,#3323,#3324);
#2724=AXIS2_PLACEMENT_3D('',#4110,#3325,#3326);
#2725=AXIS2_PLACEMENT_3D('',#4115,#3329,#3330);
#2726=AXIS2_PLACEMENT_3D('',#4117,#3331,#3332);
#2727=AXIS2_PLACEMENT_3D('',#4119,#3333,#3334);
#2728=AXIS2_PLACEMENT_3D('',#4120,#3335,#3336);
#2729=AXIS2_PLACEMENT_3D('',#4122,#3337,#3338);
#2730=AXIS2_PLACEMENT_3D('',#4124,#3340,#3341);
#2731=AXIS2_PLACEMENT_3D('',#4126,#3342,#3343);
#2732=AXIS2_PLACEMENT_3D('',#4128,#3345,#3346);
#2733=AXIS2_PLACEMENT_3D('',#4132,#3348,#3349);
#2734=AXIS2_PLACEMENT_3D('',#4134,#3351,#3352);
#2735=AXIS2_PLACEMENT_3D('',#4136,#3353,#3354);
#2736=AXIS2_PLACEMENT_3D('',#4138,#3356,#3357);
#2737=AXIS2_PLACEMENT_3D('',#4140,#3358,#3359);
#2738=AXIS2_PLACEMENT_3D('',#4142,#3361,#3362);
#2739=AXIS2_PLACEMENT_3D('',#4146,#3365,#3366);
#2740=AXIS2_PLACEMENT_3D('',#4148,#3367,#3368);
#2741=AXIS2_PLACEMENT_3D('',#4151,#3370,#3371);
#2742=AXIS2_PLACEMENT_3D('',#4152,#3372,#3373);
#2743=AXIS2_PLACEMENT_3D('',#4154,#3374,#3375);
#2744=AXIS2_PLACEMENT_3D('',#4157,#3377,#3378);
#2745=AXIS2_PLACEMENT_3D('',#4158,#3379,#3380);
#2746=AXIS2_PLACEMENT_3D('',#4159,#3381,#3382);
#2747=AXIS2_PLACEMENT_3D('',#4160,#3383,#3384);
#2748=AXIS2_PLACEMENT_3D('',#4162,#3385,#3386);
#2749=AXIS2_PLACEMENT_3D('',#4163,#3387,#3388);
#2750=AXIS2_PLACEMENT_3D('',#4165,#3389,#3390);
#2751=AXIS2_PLACEMENT_3D('',#4166,#3391,#3392);
#2752=AXIS2_PLACEMENT_3D('',#4170,#3395,#3396);
#2753=AXIS2_PLACEMENT_3D('',#4174,#3399,#3400);
#2754=AXIS2_PLACEMENT_3D('',#4179,#3402,#3403);
#2755=AXIS2_PLACEMENT_3D('',#4183,#3405,#3406);
#2756=AXIS2_PLACEMENT_3D('',#4187,#3408,#3409);
#2757=AXIS2_PLACEMENT_3D('',#4190,#3411,#3412);
#2758=AXIS2_PLACEMENT_3D('',#4192,#3413,#3414);
#2759=AXIS2_PLACEMENT_3D('',#4196,#3416,#3417);
#2760=AXIS2_PLACEMENT_3D('',#4198,#3418,#3419);
#2761=AXIS2_PLACEMENT_3D('',#4199,#3420,#3421);
#2762=AXIS2_PLACEMENT_3D('',#4203,#3423,#3424);
#2763=AXIS2_PLACEMENT_3D('',#4205,#3425,#3426);
#2764=AXIS2_PLACEMENT_3D('',#4207,#3427,#3428);
#2765=AXIS2_PLACEMENT_3D('',#4210,#3430,#3431);
#2766=AXIS2_PLACEMENT_3D('',#4211,#3432,#3433);
#2767=AXIS2_PLACEMENT_3D('',#4213,#3435,#3436);
#2768=AXIS2_PLACEMENT_3D('',#4215,#3438,#3439);
#2769=AXIS2_PLACEMENT_3D('',#4217,#3441,#3442);
#2770=AXIS2_PLACEMENT_3D('',#4219,#3444,#3445);
#2771=AXIS2_PLACEMENT_3D('',#4225,#3449,#3450);
#2772=AXIS2_PLACEMENT_3D('',#4228,#3452,#3453);
#2773=AXIS2_PLACEMENT_3D('',#4229,#3454,#3455);
#2774=AXIS2_PLACEMENT_3D('',#4233,#3458,#3459);
#2775=AXIS2_PLACEMENT_3D('',#4236,#3461,#3462);
#2776=AXIS2_PLACEMENT_3D('',#4237,#3463,#3464);
#2777=AXIS2_PLACEMENT_3D('',#4239,#3466,#3467);
#2778=AXIS2_PLACEMENT_3D('',#4240,#3468,#3469);
#2779=AXIS2_PLACEMENT_3D('',#4242,#3471,#3472);
#2780=AXIS2_PLACEMENT_3D('',#4244,#3474,#3475);
#2781=AXIS2_PLACEMENT_3D('',#4246,#3477,#3478);
#2782=AXIS2_PLACEMENT_3D('',#4247,#3479,#3480);
#2783=AXIS2_PLACEMENT_3D('',#4249,#3482,#3483);
#2784=AXIS2_PLACEMENT_3D('',#4251,#3484,#3485);
#2785=AXIS2_PLACEMENT_3D('',#4253,#3487,#3488);
#2786=AXIS2_PLACEMENT_3D('',#4257,#3491,#3492);
#2787=AXIS2_PLACEMENT_3D('',#4259,#3493,#3494);
#2788=AXIS2_PLACEMENT_3D('',#4261,#3496,#3497);
#2789=AXIS2_PLACEMENT_3D('',#4263,#3499,#3500);
#2790=AXIS2_PLACEMENT_3D('',#4266,#3502,#3503);
#2791=AXIS2_PLACEMENT_3D('',#4267,#3504,#3505);
#2792=AXIS2_PLACEMENT_3D('',#4270,#3507,#3508);
#2793=AXIS2_PLACEMENT_3D('',#4271,#3509,#3510);
#2794=AXIS2_PLACEMENT_3D('',#4274,#3512,#3513);
#2795=AXIS2_PLACEMENT_3D('',#4275,#3514,#3515);
#2796=AXIS2_PLACEMENT_3D('',#4276,#3516,#3517);
#2797=AXIS2_PLACEMENT_3D('',#4279,#3518,#3519);
#2798=AXIS2_PLACEMENT_3D('',#4283,#3521,#3522);
#2799=AXIS2_PLACEMENT_3D('',#4285,#3524,#3525);
#2800=AXIS2_PLACEMENT_3D('',#4291,#3529,#3530);
#2801=AXIS2_PLACEMENT_3D('',#4293,#3531,#3532);
#2802=AXIS2_PLACEMENT_3D('',#4295,#3533,#3534);
#2803=AXIS2_PLACEMENT_3D('',#4299,#3536,#3537);
#2804=AXIS2_PLACEMENT_3D('',#4301,#3538,#3539);
#2805=AXIS2_PLACEMENT_3D('',#4302,#3540,#3541);
#2806=AXIS2_PLACEMENT_3D('',#4303,#3542,#3543);
#2807=AXIS2_PLACEMENT_3D('',#4306,#3545,#3546);
#2808=AXIS2_PLACEMENT_3D('',#4307,#3547,#3548);
#2809=AXIS2_PLACEMENT_3D('',#4310,#3550,#3551);
#2810=AXIS2_PLACEMENT_3D('',#4311,#3552,#3553);
#2811=AXIS2_PLACEMENT_3D('',#4314,#3554,#3555);
#2812=AXIS2_PLACEMENT_3D('',#4318,#3557,#3558);
#2813=AXIS2_PLACEMENT_3D('',#4320,#3560,#3561);
#2814=AXIS2_PLACEMENT_3D('',#4322,#3562,#3563);
#2815=AXIS2_PLACEMENT_3D('',#4325,#3565,#3566);
#2816=AXIS2_PLACEMENT_3D('',#4326,#3567,#3568);
#2817=AXIS2_PLACEMENT_3D('',#4330,#3570,#3571);
#2818=AXIS2_PLACEMENT_3D('',#4332,#3572,#3573);
#2819=AXIS2_PLACEMENT_3D('',#4334,#3574,#3575);
#2820=AXIS2_PLACEMENT_3D('',#4337,#3577,#3578);
#2821=AXIS2_PLACEMENT_3D('',#4338,#3579,#3580);
#2822=AXIS2_PLACEMENT_3D('',#4341,#3582,#3583);
#2823=AXIS2_PLACEMENT_3D('',#4342,#3584,#3585);
#2824=AXIS2_PLACEMENT_3D('',#4354,#3592,#3593);
#2825=AXIS2_PLACEMENT_3D('',#4358,#3595,#3596);
#2826=AXIS2_PLACEMENT_3D('',#4360,#3598,#3599);
#2827=AXIS2_PLACEMENT_3D('',#4361,#3600,#3601);
#2828=AXIS2_PLACEMENT_3D('',#4362,#3602,#3603);
#2829=AXIS2_PLACEMENT_3D('',#4366,#3605,#3606);
#2830=AXIS2_PLACEMENT_3D('',#4368,#3608,#3609);
#2831=AXIS2_PLACEMENT_3D('',#4370,#3610,#3611);
#2832=AXIS2_PLACEMENT_3D('',#4372,#3613,#3614);
#2833=AXIS2_PLACEMENT_3D('',#4373,#3615,#3616);
#2834=AXIS2_PLACEMENT_3D('',#4374,#3617,#3618);
#2835=AXIS2_PLACEMENT_3D('',#4377,#3620,#3621);
#2836=AXIS2_PLACEMENT_3D('',#4378,#3622,#3623);
#2837=AXIS2_PLACEMENT_3D('',#4380,#3625,#3626);
#2838=AXIS2_PLACEMENT_3D('',#4382,#3627,#3628);
#2839=AXIS2_PLACEMENT_3D('',#4386,#3631,#3632);
#2840=AXIS2_PLACEMENT_3D('',#4388,#3633,#3634);
#2841=AXIS2_PLACEMENT_3D('',#4390,#3635,#3636);
#2842=AXIS2_PLACEMENT_3D('',#4391,#3637,#3638);
#2843=AXIS2_PLACEMENT_3D('',#4393,#3639,#3640);
#2844=AXIS2_PLACEMENT_3D('',#4395,#3642,#3643);
#2845=AXIS2_PLACEMENT_3D('',#4397,#3644,#3645);
#2846=AXIS2_PLACEMENT_3D('',#4399,#3647,#3648);
#2847=AXIS2_PLACEMENT_3D('',#4401,#3649,#3650);
#2848=AXIS2_PLACEMENT_3D('',#4403,#3652,#3653);
#2849=AXIS2_PLACEMENT_3D('',#4407,#3656,#3657);
#2850=AXIS2_PLACEMENT_3D('',#4408,#3658,#3659);
#2851=AXIS2_PLACEMENT_3D('',#4409,#3660,#3661);
#2852=DIRECTION('axis',(0.,0.,1.));
#2853=DIRECTION('refdir',(1.,0.,0.));
#2854=DIRECTION('center_axis',(0.,0.,-1.));
#2855=DIRECTION('ref_axis',(-0.612372435695798,-0.790569415042092,0.));
#2856=DIRECTION('center_axis',(0.,0.,1.));
#2857=DIRECTION('ref_axis',(-0.612372435695798,-0.790569415042092,0.));
#2858=DIRECTION('',(0.,0.,1.));
#2859=DIRECTION('center_axis',(0.,0.,1.));
#2860=DIRECTION('ref_axis',(-0.612372435695798,-0.790569415042092,0.));
#2861=DIRECTION('',(0.,0.,-1.));
#2862=DIRECTION('center_axis',(0.,0.,1.));
#2863=DIRECTION('ref_axis',(-1.,0.,0.));
#2864=DIRECTION('center_axis',(0.,0.,-1.));
#2865=DIRECTION('ref_axis',(-1.,0.,0.));
#2866=DIRECTION('center_axis',(0.,0.,1.));
#2867=DIRECTION('ref_axis',(-0.790569415042094,-0.612372435695796,0.));
#2868=DIRECTION('',(-1.,0.,0.));
#2869=DIRECTION('center_axis',(0.,0.,-1.));
#2870=DIRECTION('ref_axis',(0.707106781186542,0.707106781186553,0.));
#2871=DIRECTION('',(0.,1.,0.));
#2872=DIRECTION('center_axis',(0.,0.,-1.));
#2873=DIRECTION('ref_axis',(0.707106781186542,-0.707106781186553,0.));
#2874=DIRECTION('',(-1.,0.,0.));
#2875=DIRECTION('center_axis',(0.,0.,-1.));
#2876=DIRECTION('ref_axis',(-0.707106781186548,-0.707106781186548,0.));
#2877=DIRECTION('',(0.,-1.,0.));
#2878=DIRECTION('center_axis',(0.,0.,-1.));
#2879=DIRECTION('ref_axis',(-0.784464540552739,0.620173672946039,0.));
#2880=DIRECTION('center_axis',(0.,0.,1.));
#2881=DIRECTION('ref_axis',(0.836660026534077,-0.547722557505164,0.));
#2882=DIRECTION('center_axis',(0.,0.,-1.));
#2883=DIRECTION('ref_axis',(-1.,0.,0.));
#2884=DIRECTION('center_axis',(0.,0.,1.));
#2885=DIRECTION('ref_axis',(0.547722557505167,-0.836660026534075,0.));
#2886=DIRECTION('',(0.,-1.,0.));
#2887=DIRECTION('center_axis',(0.,0.,1.));
#2888=DIRECTION('ref_axis',(0.707106781186548,0.707106781186547,0.));
#2889=DIRECTION('',(-1.,-1.58603289232165E-16,0.));
#2890=DIRECTION('center_axis',(0.,0.,-1.));
#2891=DIRECTION('ref_axis',(-1.,0.,0.));
#2892=DIRECTION('center_axis',(0.,0.,1.));
#2893=DIRECTION('ref_axis',(0.534522483824848,0.845154254728517,0.));
#2894=DIRECTION('',(-1.,-5.31695218588873E-17,0.));
#2895=DIRECTION('center_axis',(0.,0.,1.));
#2896=DIRECTION('ref_axis',(-0.534522483824848,0.845154254728517,0.));
#2897=DIRECTION('center_axis',(0.,0.,-1.));
#2898=DIRECTION('ref_axis',(-1.,0.,0.));
#2899=DIRECTION('',(-1.,0.,0.));
#2900=DIRECTION('center_axis',(0.,0.,1.));
#2901=DIRECTION('ref_axis',(-0.707106781186548,0.707106781186547,0.));
#2902=DIRECTION('',(5.84327907697451E-17,1.,0.));
#2903=DIRECTION('center_axis',(0.,0.,1.));
#2904=DIRECTION('ref_axis',(1.,0.,0.));
#2905=DIRECTION('center_axis',(0.,0.,1.));
#2906=DIRECTION('ref_axis',(1.,0.,0.));
#2907=DIRECTION('center_axis',(0.,0.,1.));
#2908=DIRECTION('ref_axis',(0.707106781186547,0.707106781186548,0.));
#2909=DIRECTION('center_axis',(0.,0.,1.));
#2910=DIRECTION('ref_axis',(-1.,0.,0.));
#2911=DIRECTION('',(0.,0.,1.));
#2912=DIRECTION('center_axis',(0.,0.,1.));
#2913=DIRECTION('ref_axis',(-0.790569415042094,-0.612372435695796,0.));
#2914=DIRECTION('center_axis',(0.,0.,1.));
#2915=DIRECTION('ref_axis',(-0.790569415042094,-0.612372435695796,0.));
#2916=DIRECTION('',(0.,0.,-1.));
#2917=DIRECTION('center_axis',(0.,-1.,0.));
#2918=DIRECTION('ref_axis',(-1.,0.,0.));
#2919=DIRECTION('',(-1.,0.,0.));
#2920=DIRECTION('',(0.,0.,1.));
#2921=DIRECTION('center_axis',(0.,0.,1.));
#2922=DIRECTION('ref_axis',(-1.,0.,0.));
#2923=DIRECTION('center_axis',(0.,0.,1.));
#2924=DIRECTION('ref_axis',(-0.707106781186548,-0.707106781186547,0.));
#2925=DIRECTION('center_axis',(-1.,5.84327907697451E-17,0.));
#2926=DIRECTION('ref_axis',(5.84327907697451E-17,1.,0.));
#2927=DIRECTION('',(0.,0.,-1.));
#2928=DIRECTION('',(5.84327907697451E-17,1.,0.));
#2929=DIRECTION('',(0.,0.,1.));
#2930=DIRECTION('',(5.84327907697451E-17,1.,0.));
#2931=DIRECTION('',(0.,0.,-1.));
#2932=DIRECTION('',(5.84327907697451E-17,1.,0.));
#2933=DIRECTION('center_axis',(0.,0.,-1.));
#2934=DIRECTION('ref_axis',(0.612372435695796,0.790569415042094,0.));
#2935=DIRECTION('center_axis',(0.,0.,1.));
#2936=DIRECTION('ref_axis',(0.612372435695796,0.790569415042094,0.));
#2937=DIRECTION('',(0.,0.,1.));
#2938=DIRECTION('center_axis',(0.,0.,1.));
#2939=DIRECTION('ref_axis',(0.612372435695796,0.790569415042094,0.));
#2940=DIRECTION('',(0.,0.,-1.));
#2941=DIRECTION('center_axis',(0.,0.,1.));
#2942=DIRECTION('ref_axis',(-1.,0.,0.));
#2943=DIRECTION('center_axis',(0.,0.,-1.));
#2944=DIRECTION('ref_axis',(-1.,0.,0.));
#2945=DIRECTION('center_axis',(0.,0.,1.));
#2946=DIRECTION('ref_axis',(0.790569415042094,0.612372435695796,0.));
#2947=DIRECTION('',(1.,0.,0.));
#2948=DIRECTION('center_axis',(0.,0.,-1.));
#2949=DIRECTION('ref_axis',(-0.707106781186553,-0.707106781186542,0.));
#2950=DIRECTION('',(0.,-1.,0.));
#2951=DIRECTION('center_axis',(0.,0.,-1.));
#2952=DIRECTION('ref_axis',(-0.707106781186548,0.707106781186548,0.));
#2953=DIRECTION('',(1.,-5.55111512312578E-17,0.));
#2954=DIRECTION('center_axis',(0.,0.,-1.));
#2955=DIRECTION('ref_axis',(0.707106781186542,0.707106781186553,0.));
#2956=DIRECTION('',(0.,1.,0.));
#2957=DIRECTION('center_axis',(0.,0.,-1.));
#2958=DIRECTION('ref_axis',(0.784464540552739,-0.620173672946039,0.));
#2959=DIRECTION('center_axis',(0.,0.,1.));
#2960=DIRECTION('ref_axis',(-0.836660026534075,0.547722557505167,0.));
#2961=DIRECTION('center_axis',(0.,0.,-1.));
#2962=DIRECTION('ref_axis',(-1.,0.,0.));
#2963=DIRECTION('center_axis',(0.,0.,1.));
#2964=DIRECTION('ref_axis',(-0.547722557505167,0.836660026534075,0.));
#2965=DIRECTION('center_axis',(0.,0.,1.));
#2966=DIRECTION('ref_axis',(-0.707106781186547,-0.707106781186548,0.));
#2967=DIRECTION('',(1.,3.96508223080413E-16,0.));
#2968=DIRECTION('center_axis',(0.,0.,-1.));
#2969=DIRECTION('ref_axis',(-1.,0.,0.));
#2970=DIRECTION('center_axis',(0.,0.,1.));
#2971=DIRECTION('ref_axis',(-0.534522483824848,-0.845154254728517,0.));
#2972=DIRECTION('',(1.,5.31695218588873E-17,0.));
#2973=DIRECTION('center_axis',(0.,0.,1.));
#2974=DIRECTION('ref_axis',(0.534522483824848,-0.845154254728517,0.));
#2975=DIRECTION('center_axis',(0.,0.,-1.));
#2976=DIRECTION('ref_axis',(-1.,0.,0.));
#2977=DIRECTION('',(1.,-3.1720657846433E-16,0.));
#2978=DIRECTION('center_axis',(0.,0.,1.));
#2979=DIRECTION('ref_axis',(0.707106781186548,-0.707106781186547,0.));
#2980=DIRECTION('',(0.,-1.,0.));
#2981=DIRECTION('center_axis',(0.,0.,1.));
#2982=DIRECTION('ref_axis',(1.,0.,0.));
#2983=DIRECTION('center_axis',(0.,0.,1.));
#2984=DIRECTION('ref_axis',(-1.,0.,0.));
#2985=DIRECTION('center_axis',(0.,0.,1.));
#2986=DIRECTION('ref_axis',(-1.,0.,0.));
#2987=DIRECTION('',(0.,0.,1.));
#2988=DIRECTION('center_axis',(0.,0.,1.));
#2989=DIRECTION('ref_axis',(0.790569415042094,0.612372435695796,0.));
#2990=DIRECTION('center_axis',(0.,0.,1.));
#2991=DIRECTION('ref_axis',(0.790569415042094,0.612372435695796,0.));
#2992=DIRECTION('',(0.,0.,-1.));
#2993=DIRECTION('center_axis',(0.,1.,0.));
#2994=DIRECTION('ref_axis',(1.,0.,0.));
#2995=DIRECTION('',(1.,0.,0.));
#2996=DIRECTION('',(0.,0.,1.));
#2997=DIRECTION('center_axis',(0.,0.,1.));
#2998=DIRECTION('ref_axis',(-1.,0.,0.));
#2999=DIRECTION('center_axis',(0.,0.,1.));
#3000=DIRECTION('ref_axis',(0.707106781186547,0.707106781186548,0.));
#3001=DIRECTION('center_axis',(0.,0.,1.));
#3002=DIRECTION('ref_axis',(-1.,0.,0.));
#3003=DIRECTION('center_axis',(0.,0.,-1.));
#3004=DIRECTION('ref_axis',(-1.,0.,0.));
#3005=DIRECTION('center_axis',(0.,0.,1.));
#3006=DIRECTION('ref_axis',(-1.,0.,0.));
#3007=DIRECTION('center_axis',(0.,0.,-1.));
#3008=DIRECTION('ref_axis',(-1.,0.,0.));
#3009=DIRECTION('center_axis',(0.,0.,-1.));
#3010=DIRECTION('ref_axis',(0.534522483824848,0.845154254728517,0.));
#3011=DIRECTION('',(0.,0.,1.));
#3012=DIRECTION('center_axis',(0.,0.,1.));
#3013=DIRECTION('ref_axis',(0.534522483824848,0.845154254728517,0.));
#3014=DIRECTION('',(0.,0.,-1.));
#3015=DIRECTION('center_axis',(5.31695218588873E-17,-1.,0.));
#3016=DIRECTION('ref_axis',(1.,5.31695218588873E-17,0.));
#3017=DIRECTION('',(1.,5.31695218588873E-17,0.));
#3018=DIRECTION('',(0.,0.,1.));
#3019=DIRECTION('center_axis',(0.,0.,1.));
#3020=DIRECTION('ref_axis',(0.534522483824848,-0.845154254728517,0.));
#3021=DIRECTION('',(0.,0.,1.));
#3022=DIRECTION('center_axis',(0.,0.,1.));
#3023=DIRECTION('ref_axis',(0.534522483824848,-0.845154254728517,0.));
#3024=DIRECTION('',(0.,0.,-1.));
#3025=DIRECTION('center_axis',(0.,0.,1.));
#3026=DIRECTION('ref_axis',(-1.,0.,0.));
#3027=DIRECTION('',(0.,0.,1.));
#3028=DIRECTION('center_axis',(0.,0.,1.));
#3029=DIRECTION('ref_axis',(-1.,0.,0.));
#3030=DIRECTION('',(0.,0.,1.));
#3031=DIRECTION('center_axis',(0.,0.,1.));
#3032=DIRECTION('ref_axis',(-1.,0.,0.));
#3033=DIRECTION('center_axis',(0.,0.,-1.));
#3034=DIRECTION('ref_axis',(-0.534522483824848,-0.845154254728517,0.));
#3035=DIRECTION('',(0.,0.,1.));
#3036=DIRECTION('center_axis',(0.,0.,1.));
#3037=DIRECTION('ref_axis',(-0.534522483824848,-0.845154254728517,0.));
#3038=DIRECTION('',(0.,0.,-1.));
#3039=DIRECTION('center_axis',(-5.31695218588873E-17,1.,0.));
#3040=DIRECTION('ref_axis',(-1.,-5.31695218588873E-17,0.));
#3041=DIRECTION('',(-1.,-5.31695218588873E-17,0.));
#3042=DIRECTION('center_axis',(0.,0.,1.));
#3043=DIRECTION('ref_axis',(-0.534522483824848,0.845154254728517,0.));
#3044=DIRECTION('center_axis',(0.,0.,1.));
#3045=DIRECTION('ref_axis',(-0.534522483824848,0.845154254728517,0.));
#3046=DIRECTION('',(0.,0.,-1.));
#3047=DIRECTION('center_axis',(0.,0.,1.));
#3048=DIRECTION('ref_axis',(1.,1.22464679914735E-16,0.));
#3049=DIRECTION('',(0.,0.,1.));
#3050=DIRECTION('center_axis',(0.,0.,1.));
#3051=DIRECTION('ref_axis',(-1.,0.,0.));
#3052=DIRECTION('',(0.,0.,1.));
#3053=DIRECTION('center_axis',(0.,0.,1.));
#3054=DIRECTION('ref_axis',(-1.,0.,0.));
#3055=DIRECTION('center_axis',(0.,0.,1.));
#3056=DIRECTION('ref_axis',(-1.,0.,0.));
#3057=DIRECTION('center_axis',(0.,0.,1.));
#3058=DIRECTION('ref_axis',(-0.784464540552739,0.620173672946039,0.));
#3059=DIRECTION('center_axis',(0.,0.,-1.));
#3060=DIRECTION('ref_axis',(-0.784464540552739,0.620173672946039,0.));
#3061=DIRECTION('',(0.,0.,-1.));
#3062=DIRECTION('',(0.,0.,1.));
#3063=DIRECTION('center_axis',(0.,0.,-1.));
#3064=DIRECTION('ref_axis',(0.836660026534077,-0.547722557505164,0.));
#3065=DIRECTION('center_axis',(0.,0.,1.));
#3066=DIRECTION('ref_axis',(0.836660026534077,-0.547722557505164,0.));
#3067=DIRECTION('',(0.,0.,-1.));
#3068=DIRECTION('center_axis',(0.,0.,1.));
#3069=DIRECTION('ref_axis',(1.,0.,0.));
#3070=DIRECTION('',(0.,-1.,0.));
#3071=DIRECTION('center_axis',(0.,0.,1.));
#3072=DIRECTION('ref_axis',(0.547722557505167,-0.836660026534075,0.));
#3073=DIRECTION('center_axis',(0.,0.,1.));
#3074=DIRECTION('ref_axis',(-1.,0.,0.));
#3075=DIRECTION('',(0.,-1.,0.));
#3076=DIRECTION('center_axis',(0.,0.,-1.));
#3077=DIRECTION('ref_axis',(-0.707106781186548,-0.707106781186548,0.));
#3078=DIRECTION('',(1.,0.,0.));
#3079=DIRECTION('center_axis',(0.,0.,-1.));
#3080=DIRECTION('ref_axis',(0.707106781186547,-0.707106781186547,0.));
#3081=DIRECTION('',(0.,1.,0.));
#3082=DIRECTION('center_axis',(0.,0.,-1.));
#3083=DIRECTION('ref_axis',(0.707106781186547,0.707106781186547,0.));
#3084=DIRECTION('',(-1.,5.55111512312578E-17,0.));
#3085=DIRECTION('center_axis',(0.,0.,-1.));
#3086=DIRECTION('ref_axis',(-0.707106781186548,0.707106781186548,0.));
#3087=DIRECTION('',(0.,-1.,0.));
#3088=DIRECTION('center_axis',(0.,0.,-1.));
#3089=DIRECTION('ref_axis',(-0.707106781186553,-0.707106781186542,0.));
#3090=DIRECTION('center_axis',(0.,0.,1.));
#3091=DIRECTION('ref_axis',(0.707106781186547,0.707106781186548,0.));
#3092=DIRECTION('center_axis',(0.,0.,-1.));
#3093=DIRECTION('ref_axis',(-1.,0.,0.));
#3094=DIRECTION('center_axis',(0.,0.,-1.));
#3095=DIRECTION('ref_axis',(0.707106781186542,0.707106781186553,0.));
#3096=DIRECTION('center_axis',(0.,0.,-1.));
#3097=DIRECTION('ref_axis',(0.707106781186542,0.707106781186553,0.));
#3098=DIRECTION('',(0.,0.,-1.));
#3099=DIRECTION('',(0.,0.,1.));
#3100=DIRECTION('center_axis',(-1.,0.,0.));
#3101=DIRECTION('ref_axis',(0.,1.,0.));
#3102=DIRECTION('',(0.,1.,0.));
#3103=DIRECTION('',(0.,0.,1.));
#3104=DIRECTION('center_axis',(0.,0.,1.));
#3105=DIRECTION('ref_axis',(1.,0.,0.));
#3106=DIRECTION('center_axis',(0.,0.,1.));
#3107=DIRECTION('ref_axis',(-0.547722557505167,0.836660026534075,0.));
#3108=DIRECTION('center_axis',(0.,0.,1.));
#3109=DIRECTION('ref_axis',(-1.,0.,0.));
#3110=DIRECTION('center_axis',(0.,0.,1.));
#3111=DIRECTION('ref_axis',(-0.836660026534075,0.547722557505167,0.));
#3112=DIRECTION('center_axis',(0.,0.,-1.));
#3113=DIRECTION('ref_axis',(0.784464540552739,-0.620173672946039,0.));
#3114=DIRECTION('',(-1.,5.55111512312578E-17,0.));
#3115=DIRECTION('center_axis',(0.,0.,-1.));
#3116=DIRECTION('ref_axis',(-0.707106781186547,0.707106781186547,0.));
#3117=DIRECTION('',(-2.22044604925031E-16,-1.,0.));
#3118=DIRECTION('center_axis',(0.,0.,-1.));
#3119=DIRECTION('ref_axis',(-0.707106781186547,-0.707106781186547,0.));
#3120=DIRECTION('',(1.,0.,0.));
#3121=DIRECTION('center_axis',(0.,0.,-1.));
#3122=DIRECTION('ref_axis',(0.707106781186542,-0.707106781186553,0.));
#3123=DIRECTION('',(0.,1.,0.));
#3124=DIRECTION('center_axis',(0.,0.,-1.));
#3125=DIRECTION('ref_axis',(0.707106781186542,0.707106781186553,0.));
#3126=DIRECTION('center_axis',(0.,0.,-1.));
#3127=DIRECTION('ref_axis',(-1.,0.,0.));
#3128=DIRECTION('center_axis',(0.,0.,1.));
#3129=DIRECTION('ref_axis',(-0.707106781186548,-0.707106781186547,0.));
#3130=DIRECTION('center_axis',(0.,0.,1.));
#3131=DIRECTION('ref_axis',(-0.707106781186548,0.707106781186548,0.));
#3132=DIRECTION('',(0.,0.,-1.));
#3133=DIRECTION('',(0.,0.,1.));
#3134=DIRECTION('center_axis',(1.,0.,0.));
#3135=DIRECTION('ref_axis',(0.,-1.,0.));
#3136=DIRECTION('',(0.,0.,-1.));
#3137=DIRECTION('center_axis',(0.,0.,-1.));
#3138=DIRECTION('ref_axis',(-0.707106781186553,-0.707106781186542,0.));
#3139=DIRECTION('center_axis',(0.,0.,1.));
#3140=DIRECTION('ref_axis',(0.784464540552739,-0.620173672946039,0.));
#3141=DIRECTION('',(0.,0.,-1.));
#3142=DIRECTION('center_axis',(0.,0.,-1.));
#3143=DIRECTION('ref_axis',(-0.836660026534075,0.547722557505167,0.));
#3144=DIRECTION('',(0.,0.,-1.));
#3145=DIRECTION('center_axis',(0.,0.,-1.));
#3146=DIRECTION('ref_axis',(-0.707106781186548,-0.707106781186548,0.));
#3147=DIRECTION('',(0.,0.,-1.));
#3148=DIRECTION('',(0.,0.,1.));
#3149=DIRECTION('center_axis',(0.,-1.,0.));
#3150=DIRECTION('ref_axis',(1.,0.,0.));
#3151=DIRECTION('',(0.,0.,-1.));
#3152=DIRECTION('',(0.,0.,1.));
#3153=DIRECTION('',(1.,0.,0.));
#3154=DIRECTION('',(0.,0.,-1.));
#3155=DIRECTION('center_axis',(0.,0.,-1.));
#3156=DIRECTION('ref_axis',(0.707106781186542,0.707106781186553,0.));
#3157=DIRECTION('',(0.,0.,-1.));
#3158=DIRECTION('center_axis',(-1.,0.,0.));
#3159=DIRECTION('ref_axis',(0.,1.,0.));
#3160=DIRECTION('',(0.,0.,1.));
#3161=DIRECTION('center_axis',(0.,0.,1.));
#3162=DIRECTION('ref_axis',(0.707106781186542,-0.707106781186553,0.));
#3163=DIRECTION('center_axis',(1.,0.,0.));
#3164=DIRECTION('ref_axis',(0.,-1.,0.));
#3165=DIRECTION('center_axis',(0.,0.,1.));
#3166=DIRECTION('ref_axis',(-1.,0.,0.));
#3167=DIRECTION('',(0.,0.,1.));
#3168=DIRECTION('center_axis',(0.,0.,1.));
#3169=DIRECTION('ref_axis',(0.547722557505167,-0.836660026534075,0.));
#3170=DIRECTION('',(0.,0.,-1.));
#3171=DIRECTION('center_axis',(0.,0.,1.));
#3172=DIRECTION('ref_axis',(0.707106781186548,-0.707106781186547,0.));
#3173=DIRECTION('',(0.,0.,1.));
#3174=DIRECTION('center_axis',(0.,0.,1.));
#3175=DIRECTION('ref_axis',(-0.547722557505167,0.836660026534075,0.));
#3176=DIRECTION('center_axis',(0.,0.,1.));
#3177=DIRECTION('ref_axis',(-1.,0.,0.));
#3178=DIRECTION('',(0.,0.,-1.));
#3179=DIRECTION('center_axis',(1.,0.,0.));
#3180=DIRECTION('ref_axis',(0.,-1.,0.));
#3181=DIRECTION('',(0.,0.,-1.));
#3182=DIRECTION('',(0.,-1.,0.));
#3183=DIRECTION('',(0.,0.,1.));
#3184=DIRECTION('center_axis',(0.,0.,1.));
#3185=DIRECTION('ref_axis',(-1.,0.,0.));
#3186=DIRECTION('',(0.,0.,-1.));
#3187=DIRECTION('center_axis',(0.,0.,1.));
#3188=DIRECTION('ref_axis',(-0.707106781186548,0.707106781186547,0.));
#3189=DIRECTION('',(0.,0.,1.));
#3190=DIRECTION('center_axis',(0.,0.,1.));
#3191=DIRECTION('ref_axis',(-0.707106781186548,0.707106781186547,0.));
#3192=DIRECTION('center_axis',(0.,0.,-1.));
#3193=DIRECTION('ref_axis',(-0.707106781186547,-0.707106781186548,0.));
#3194=DIRECTION('center_axis',(0.,0.,1.));
#3195=DIRECTION('ref_axis',(-0.707106781186547,-0.707106781186548,0.));
#3196=DIRECTION('',(0.,0.,-1.));
#3197=DIRECTION('center_axis',(0.,0.,1.));
#3198=DIRECTION('ref_axis',(0.707106781186548,-0.707106781186547,0.));
#3199=DIRECTION('',(0.,0.,1.));
#3200=DIRECTION('center_axis',(0.,0.,1.));
#3201=DIRECTION('ref_axis',(0.707106781186548,-0.707106781186547,0.));
#3202=DIRECTION('center_axis',(0.,0.,-1.));
#3203=DIRECTION('ref_axis',(0.707106781186548,0.707106781186547,0.));
#3204=DIRECTION('center_axis',(0.,0.,1.));
#3205=DIRECTION('ref_axis',(0.707106781186548,0.707106781186547,0.));
#3206=DIRECTION('',(0.,0.,-1.));
#3207=DIRECTION('center_axis',(0.,0.,1.));
#3208=DIRECTION('ref_axis',(-0.707106781186547,-0.707106781186547,0.));
#3209=DIRECTION('',(0.,0.,-1.));
#3210=DIRECTION('center_axis',(0.,0.,1.));
#3211=DIRECTION('ref_axis',(-0.707106781186547,-0.707106781186547,0.));
#3212=DIRECTION('center_axis',(-1.,2.22044604925031E-16,0.));
#3213=DIRECTION('ref_axis',(-2.22044604925031E-16,-1.,0.));
#3214=DIRECTION('',(0.,0.,1.));
#3215=DIRECTION('',(-2.22044604925031E-16,-1.,0.));
#3216=DIRECTION('center_axis',(0.,0.,1.));
#3217=DIRECTION('ref_axis',(-0.707106781186547,0.707106781186547,0.));
#3218=DIRECTION('',(0.,0.,-1.));
#3219=DIRECTION('center_axis',(0.,0.,1.));
#3220=DIRECTION('ref_axis',(-0.707106781186547,0.707106781186547,0.));
#3221=DIRECTION('center_axis',(5.55111512312578E-17,1.,0.));
#3222=DIRECTION('ref_axis',(-1.,5.55111512312578E-17,0.));
#3223=DIRECTION('',(0.,0.,1.));
#3224=DIRECTION('',(-1.,5.55111512312578E-17,0.));
#3225=DIRECTION('center_axis',(0.,0.,1.));
#3226=DIRECTION('ref_axis',(0.707106781186547,-0.707106781186547,0.));
#3227=DIRECTION('center_axis',(0.,0.,1.));
#3228=DIRECTION('ref_axis',(0.707106781186547,-0.707106781186547,0.));
#3229=DIRECTION('',(0.,0.,1.));
#3230=DIRECTION('center_axis',(1.,0.,0.));
#3231=DIRECTION('ref_axis',(0.,1.,0.));
#3232=DIRECTION('',(0.,1.,0.));
#3233=DIRECTION('',(0.,0.,-1.));
#3234=DIRECTION('center_axis',(0.,0.,1.));
#3235=DIRECTION('ref_axis',(0.707106781186547,0.707106781186547,0.));
#3236=DIRECTION('center_axis',(0.,0.,1.));
#3237=DIRECTION('ref_axis',(0.707106781186547,0.707106781186547,0.));
#3238=DIRECTION('center_axis',(0.,0.,1.));
#3239=DIRECTION('ref_axis',(0.707106781186547,0.707106781186548,0.));
#3240=DIRECTION('',(0.,0.,-1.));
#3241=DIRECTION('center_axis',(0.,0.,-1.));
#3242=DIRECTION('ref_axis',(-0.707106781186548,-0.707106781186547,0.));
#3243=DIRECTION('',(0.,0.,1.));
#3244=DIRECTION('center_axis',(0.,0.,1.));
#3245=DIRECTION('ref_axis',(-1.,0.,0.));
#3246=DIRECTION('center_axis',(0.,0.,-1.));
#3247=DIRECTION('ref_axis',(-1.,0.,0.));
#3248=DIRECTION('',(0.,0.,-1.));
#3249=DIRECTION('center_axis',(0.,0.,1.));
#3250=DIRECTION('ref_axis',(-1.,0.,0.));
#3251=DIRECTION('center_axis',(3.1720657846433E-16,1.,0.));
#3252=DIRECTION('ref_axis',(-1.,3.1720657846433E-16,0.));
#3253=DIRECTION('',(-1.,3.1720657846433E-16,0.));
#3254=DIRECTION('center_axis',(1.58603289232165E-16,-1.,0.));
#3255=DIRECTION('ref_axis',(1.,1.58603289232165E-16,0.));
#3256=DIRECTION('',(1.,1.58603289232165E-16,0.));
#3257=DIRECTION('center_axis',(0.,0.,1.));
#3258=DIRECTION('ref_axis',(-1.,0.,0.));
#3259=DIRECTION('center_axis',(0.,0.,1.));
#3260=DIRECTION('ref_axis',(-1.,0.,0.));
#3261=DIRECTION('center_axis',(0.,0.,-1.));
#3262=DIRECTION('ref_axis',(-1.,0.,0.));
#3263=DIRECTION('',(0.,0.,-1.));
#3264=DIRECTION('center_axis',(0.,0.,1.));
#3265=DIRECTION('ref_axis',(-1.,0.,0.));
#3266=DIRECTION('center_axis',(0.,-1.,0.));
#3267=DIRECTION('ref_axis',(1.,0.,0.));
#3268=DIRECTION('',(1.,0.,0.));
#3269=DIRECTION('center_axis',(-3.96508223080413E-16,1.,0.));
#3270=DIRECTION('ref_axis',(-1.,-3.96508223080413E-16,0.));
#3271=DIRECTION('',(-1.,-3.96508223080413E-16,0.));
#3272=DIRECTION('center_axis',(0.,0.,1.));
#3273=DIRECTION('ref_axis',(-1.,0.,0.));
#3274=DIRECTION('center_axis',(0.,0.,1.));
#3275=DIRECTION('ref_axis',(1.,0.,0.));
#3276=DIRECTION('',(0.,0.,-1.));
#3277=DIRECTION('center_axis',(0.,0.,-1.));
#3278=DIRECTION('ref_axis',(1.,0.,0.));
#3279=DIRECTION('center_axis',(0.,0.,1.));
#3280=DIRECTION('ref_axis',(1.,0.,0.));
#3281=DIRECTION('',(0.,0.,-1.));
#3282=DIRECTION('center_axis',(0.,0.,-1.));
#3283=DIRECTION('ref_axis',(1.,0.,0.));
#3284=DIRECTION('center_axis',(0.,0.,1.));
#3285=DIRECTION('ref_axis',(1.,0.,0.));
#3286=DIRECTION('',(0.,0.,-1.));
#3287=DIRECTION('center_axis',(0.,0.,-1.));
#3288=DIRECTION('ref_axis',(1.,0.,0.));
#3289=DIRECTION('center_axis',(0.,0.,1.));
#3290=DIRECTION('ref_axis',(1.,0.,0.));
#3291=DIRECTION('center_axis',(-1.49975978266186E-32,1.22464679914735E-16,
-1.));
#3292=DIRECTION('ref_axis',(-0.790569415042094,0.612372435695796,7.49939943260925E-17));
#3293=DIRECTION('center_axis',(1.49975978266186E-32,-1.22464679914735E-16,
1.));
#3294=DIRECTION('ref_axis',(-0.790569415042094,0.612372435695796,7.49939943260925E-17));
#3295=DIRECTION('',(1.49975978266186E-32,-1.22464679914735E-16,1.));
#3296=DIRECTION('center_axis',(1.49975978266186E-32,-1.22464679914735E-16,
1.));
#3297=DIRECTION('ref_axis',(-0.790569415042094,0.612372435695796,7.49939943260925E-17));
#3298=DIRECTION('',(-1.49975978266186E-32,1.22464679914735E-16,-1.));
#3299=DIRECTION('center_axis',(-1.49975978266186E-32,1.22464679914735E-16,
-1.));
#3300=DIRECTION('ref_axis',(1.,1.22464679914735E-16,0.));
#3301=DIRECTION('center_axis',(-1.49975978266186E-32,1.22464679914735E-16,
-1.));
#3302=DIRECTION('ref_axis',(-1.,-1.22464679914735E-16,0.));
#3303=DIRECTION('center_axis',(1.49975978266186E-32,-1.22464679914735E-16,
1.));
#3304=DIRECTION('ref_axis',(-0.612372435695796,0.790569415042094,9.68168303635096E-17));
#3305=DIRECTION('',(-1.22464679914735E-16,1.,1.22464679914735E-16));
#3306=DIRECTION('center_axis',(-1.49975978266186E-32,1.22464679914735E-16,
-1.));
#3307=DIRECTION('ref_axis',(-0.547722557505167,-0.836660026534075,-1.02461302346949E-16));
#3308=DIRECTION('center_axis',(1.49975978266186E-32,-1.22464679914735E-16,
1.));
#3309=DIRECTION('ref_axis',(1.,1.22464679914735E-16,0.));
#3310=DIRECTION('center_axis',(1.49975978266186E-32,-1.22464679914735E-16,
1.));
#3311=DIRECTION('ref_axis',(0.00115517900504779,0.999999332780511,1.22464598203914E-16));
#3312=DIRECTION('',(0.999999332780511,-0.00115517900504707,-1.41468627097327E-19));
#3313=DIRECTION('',(-1.,-1.22464679914735E-16,0.));
#3314=DIRECTION('center_axis',(1.49975978266186E-32,-1.22464679914735E-16,
1.));
#3315=DIRECTION('ref_axis',(0.790569415042094,-0.612372435695796,-7.49939943260925E-17));
#3316=DIRECTION('center_axis',(-1.49975978266186E-32,1.22464679914735E-16,
-1.));
#3317=DIRECTION('ref_axis',(-1.,-1.22464679914735E-16,0.));
#3318=DIRECTION('center_axis',(1.49975978266186E-32,-1.22464679914735E-16,
1.));
#3319=DIRECTION('ref_axis',(0.612372435695798,-0.790569415042092,-9.68168303635094E-17));
#3320=DIRECTION('',(-1.8089747068448E-16,1.,1.22464679914735E-16));
#3321=DIRECTION('center_axis',(-1.49975978266186E-32,1.22464679914735E-16,
-1.));
#3322=DIRECTION('ref_axis',(0.547722557505167,0.836660026534075,1.02461302346949E-16));
#3323=DIRECTION('center_axis',(1.49975978266186E-32,-1.22464679914735E-16,
1.));
#3324=DIRECTION('ref_axis',(1.,1.22464679914735E-16,0.));
#3325=DIRECTION('center_axis',(1.49975978266186E-32,-1.22464679914735E-16,
1.));
#3326=DIRECTION('ref_axis',(-0.00115517900504779,-0.999999332780511,-1.22464598203914E-16));
#3327=DIRECTION('',(-0.999999332780511,0.00115517900504688,1.41468627097304E-19));
#3328=DIRECTION('',(1.,2.44929359829471E-16,1.49975978266186E-32));
#3329=DIRECTION('center_axis',(-1.49975978266186E-32,1.22464679914735E-16,
-1.));
#3330=DIRECTION('ref_axis',(-1.,-1.22464679914735E-16,0.));
#3331=DIRECTION('center_axis',(-1.49975978266186E-32,1.22464679914735E-16,
-1.));
#3332=DIRECTION('ref_axis',(-1.,-1.22464679914735E-16,0.));
#3333=DIRECTION('center_axis',(-1.49975978266186E-32,1.22464679914735E-16,
-1.));
#3334=DIRECTION('ref_axis',(-1.,-1.22464679914735E-16,0.));
#3335=DIRECTION('center_axis',(1.49975978266186E-32,-1.22464679914735E-16,
1.));
#3336=DIRECTION('ref_axis',(0.707106781186547,-0.707106781186548,-8.65956056235494E-17));
#3337=DIRECTION('center_axis',(1.49975978266186E-32,-1.22464679914735E-16,
1.));
#3338=DIRECTION('ref_axis',(-1.,-1.22464679914735E-16,0.));
#3339=DIRECTION('',(1.49975978266186E-32,-1.22464679914735E-16,1.));
#3340=DIRECTION('center_axis',(1.49975978266186E-32,-1.22464679914735E-16,
1.));
#3341=DIRECTION('ref_axis',(-0.612372435695796,0.790569415042094,9.68168303635096E-17));
#3342=DIRECTION('center_axis',(1.49975978266186E-32,-1.22464679914735E-16,
1.));
#3343=DIRECTION('ref_axis',(-0.612372435695796,0.790569415042094,9.68168303635096E-17));
#3344=DIRECTION('',(-1.49975978266186E-32,1.22464679914735E-16,-1.));
#3345=DIRECTION('center_axis',(-1.49975978266186E-32,1.22464679914735E-16,
-1.));
#3346=DIRECTION('ref_axis',(0.790569415042094,-0.612372435695796,-7.49939943260925E-17));
#3347=DIRECTION('',(1.49975978266186E-32,-1.22464679914735E-16,1.));
#3348=DIRECTION('center_axis',(1.49975978266186E-32,-1.22464679914735E-16,
1.));
#3349=DIRECTION('ref_axis',(0.790569415042094,-0.612372435695796,-7.49939943260925E-17));
#3350=DIRECTION('',(-1.49975978266186E-32,1.22464679914735E-16,-1.));
#3351=DIRECTION('center_axis',(1.49975978266186E-32,-1.22464679914735E-16,
1.));
#3352=DIRECTION('ref_axis',(-1.,-1.22464679914735E-16,0.));
#3353=DIRECTION('center_axis',(1.49975978266186E-32,-1.22464679914735E-16,
1.));
#3354=DIRECTION('ref_axis',(-1.,-1.22464679914735E-16,0.));
#3355=DIRECTION('',(1.49975978266186E-32,-1.22464679914735E-16,1.));
#3356=DIRECTION('center_axis',(1.49975978266186E-32,-1.22464679914735E-16,
1.));
#3357=DIRECTION('ref_axis',(0.612372435695798,-0.790569415042092,-9.68168303635094E-17));
#3358=DIRECTION('center_axis',(1.49975978266186E-32,-1.22464679914735E-16,
1.));
#3359=DIRECTION('ref_axis',(0.612372435695798,-0.790569415042092,-9.68168303635094E-17));
#3360=DIRECTION('',(-1.49975978266186E-32,1.22464679914735E-16,-1.));
#3361=DIRECTION('center_axis',(-1.,-1.8089747068448E-16,-7.15595301814153E-33));
#3362=DIRECTION('ref_axis',(-1.8089747068448E-16,1.,1.22464679914735E-16));
#3363=DIRECTION('',(-2.00601460553795E-16,1.,1.22464679914735E-16));
#3364=DIRECTION('',(-1.49975978266186E-32,1.22464679914735E-16,-1.));
#3365=DIRECTION('center_axis',(1.49975978266186E-32,-1.22464679914735E-16,
1.));
#3366=DIRECTION('ref_axis',(-1.,-1.22464679914735E-16,0.));
#3367=DIRECTION('center_axis',(1.49975978266186E-32,-1.22464679914735E-16,
1.));
#3368=DIRECTION('ref_axis',(-1.,-1.22464679914735E-16,0.));
#3369=DIRECTION('',(-1.49975978266186E-32,1.22464679914735E-16,-1.));
#3370=DIRECTION('center_axis',(1.49975978266186E-32,-1.22464679914735E-16,
1.));
#3371=DIRECTION('ref_axis',(-1.,-1.22464679914735E-16,0.));
#3372=DIRECTION('center_axis',(1.49975978266186E-32,-1.22464679914735E-16,
1.));
#3373=DIRECTION('ref_axis',(-1.,-1.22464679914735E-16,0.));
#3374=DIRECTION('center_axis',(1.49975978266186E-32,-1.22464679914735E-16,
1.));
#3375=DIRECTION('ref_axis',(-1.,-1.22464679914735E-16,0.));
#3376=DIRECTION('',(-1.49975978266186E-32,1.22464679914735E-16,-1.));
#3377=DIRECTION('center_axis',(1.49975978266186E-32,-1.22464679914735E-16,
1.));
#3378=DIRECTION('ref_axis',(-1.,-1.22464679914735E-16,0.));
#3379=DIRECTION('center_axis',(1.49975978266186E-32,-1.22464679914735E-16,
1.));
#3380=DIRECTION('ref_axis',(-1.,-1.22464679914735E-16,0.));
#3381=DIRECTION('center_axis',(1.49975978266186E-32,-1.22464679914735E-16,
1.));
#3382=DIRECTION('ref_axis',(-1.,-1.22464679914735E-16,0.));
#3383=DIRECTION('center_axis',(-1.49975978266186E-32,1.22464679914735E-16,
-1.));
#3384=DIRECTION('ref_axis',(1.,1.22464679914735E-16,0.));
#3385=DIRECTION('center_axis',(-1.49975978266186E-32,1.22464679914735E-16,
-1.));
#3386=DIRECTION('ref_axis',(1.,1.22464679914735E-16,0.));
#3387=DIRECTION('center_axis',(-1.49975978266186E-32,1.22464679914735E-16,
-1.));
#3388=DIRECTION('ref_axis',(1.,1.22464679914735E-16,0.));
#3389=DIRECTION('center_axis',(-1.49975978266186E-32,1.22464679914735E-16,
-1.));
#3390=DIRECTION('ref_axis',(1.,1.22464679914735E-16,0.));
#3391=DIRECTION('center_axis',(-1.22464679914735E-16,1.,1.22464679914735E-16));
#3392=DIRECTION('ref_axis',(1.,1.22464679914735E-16,0.));
#3393=DIRECTION('',(1.49975978266186E-32,-1.22464679914735E-16,1.));
#3394=DIRECTION('',(1.,1.22464679914735E-16,0.));
#3395=DIRECTION('center_axis',(1.22464679914735E-16,-1.,-1.22464679914735E-16));
#3396=DIRECTION('ref_axis',(-1.,-1.22464679914735E-16,0.));
#3397=DIRECTION('',(1.49975978266186E-32,-1.22464679914735E-16,1.));
#3398=DIRECTION('',(-1.,-2.44929359829471E-16,-1.49975978266186E-32));
#3399=DIRECTION('center_axis',(-1.49975978266186E-32,1.22464679914735E-16,
-1.));
#3400=DIRECTION('ref_axis',(-1.,-1.22464679914735E-16,0.));
#3401=DIRECTION('',(1.,1.77975831145993E-16,6.79815536723446E-33));
#3402=DIRECTION('center_axis',(-1.49975978266186E-32,1.22464679914735E-16,
-1.));
#3403=DIRECTION('ref_axis',(-0.707106781186548,0.707106781186547,8.65956056235493E-17));
#3404=DIRECTION('',(-1.22464679914735E-16,1.,1.22464679914735E-16));
#3405=DIRECTION('center_axis',(-1.49975978266186E-32,1.22464679914735E-16,
-1.));
#3406=DIRECTION('ref_axis',(-0.707106781186547,-0.707106781186548,-8.65956056235493E-17));
#3407=DIRECTION('',(-1.,-1.22464679914735E-16,0.));
#3408=DIRECTION('center_axis',(-1.49975978266186E-32,1.22464679914735E-16,
-1.));
#3409=DIRECTION('ref_axis',(0.707106781186548,-0.707106781186547,-8.65956056235493E-17));
#3410=DIRECTION('',(3.44509284839767E-16,-1.,-1.22464679914735E-16));
#3411=DIRECTION('center_axis',(-1.49975978266186E-32,1.22464679914735E-16,
-1.));
#3412=DIRECTION('ref_axis',(0.707106781186547,0.707106781186548,8.65956056235493E-17));
#3413=DIRECTION('center_axis',(1.49975978266186E-32,-1.22464679914735E-16,
1.));
#3414=DIRECTION('ref_axis',(1.,1.22464679914735E-16,0.));
#3415=DIRECTION('',(-0.999999332780511,0.00115517900504688,1.41468627097304E-19));
#3416=DIRECTION('center_axis',(1.49975978266186E-32,-1.22464679914735E-16,
1.));
#3417=DIRECTION('ref_axis',(-0.00115517900504779,-0.999999332780511,-1.22464598203914E-16));
#3418=DIRECTION('center_axis',(-1.49975978266186E-32,1.22464679914735E-16,
-1.));
#3419=DIRECTION('ref_axis',(1.,1.22464679914735E-16,0.));
#3420=DIRECTION('center_axis',(1.49975978266186E-32,-1.22464679914735E-16,
1.));
#3421=DIRECTION('ref_axis',(0.547722557505167,0.836660026534075,1.02461302346949E-16));
#3422=DIRECTION('',(0.999999332780511,-0.00115517900504707,-1.41468627097327E-19));
#3423=DIRECTION('center_axis',(1.49975978266186E-32,-1.22464679914735E-16,
1.));
#3424=DIRECTION('ref_axis',(0.00115517900504779,0.999999332780511,1.22464598203914E-16));
#3425=DIRECTION('center_axis',(-1.49975978266186E-32,1.22464679914735E-16,
-1.));
#3426=DIRECTION('ref_axis',(1.,1.22464679914735E-16,0.));
#3427=DIRECTION('center_axis',(1.49975978266186E-32,-1.22464679914735E-16,
1.));
#3428=DIRECTION('ref_axis',(-0.547722557505167,-0.836660026534075,-1.02461302346949E-16));
#3429=DIRECTION('',(3.2306614046853E-16,-1.,-1.22464679914735E-16));
#3430=DIRECTION('center_axis',(1.49975978266186E-32,-1.22464679914735E-16,
1.));
#3431=DIRECTION('ref_axis',(1.,1.22464679914735E-16,0.));
#3432=DIRECTION('center_axis',(0.00115517900504707,0.999999332780511,1.22464598203914E-16));
#3433=DIRECTION('ref_axis',(-0.999999332780511,0.00115517900504707,1.41468627097327E-19));
#3434=DIRECTION('',(-1.49975978266186E-32,1.22464679914735E-16,-1.));
#3435=DIRECTION('center_axis',(-1.49975978266186E-32,1.22464679914735E-16,
-1.));
#3436=DIRECTION('ref_axis',(0.547722557505167,0.836660026534075,1.02461302346949E-16));
#3437=DIRECTION('',(1.49975978266186E-32,-1.22464679914735E-16,1.));
#3438=DIRECTION('center_axis',(-1.49975978266186E-32,1.22464679914735E-16,
-1.));
#3439=DIRECTION('ref_axis',(-0.705045499418797,-0.70916207156707,-8.68473061021319E-17));
#3440=DIRECTION('',(1.49975978266186E-32,-1.22464679914735E-16,1.));
#3441=DIRECTION('center_axis',(-1.49975978266186E-32,1.22464679914735E-16,
-1.));
#3442=DIRECTION('ref_axis',(-0.00115517900504779,-0.999999332780511,-1.22464598203914E-16));
#3443=DIRECTION('',(-1.49975978266186E-32,1.22464679914735E-16,-1.));
#3444=DIRECTION('center_axis',(-1.22464679914735E-16,1.,1.22464679914735E-16));
#3445=DIRECTION('ref_axis',(-1.,-1.22464679914735E-16,0.));
#3446=DIRECTION('',(-1.49975978266186E-32,1.22464679914735E-16,-1.));
#3447=DIRECTION('',(-1.,-1.22464679914735E-16,0.));
#3448=DIRECTION('',(1.49975978266186E-32,-1.22464679914735E-16,1.));
#3449=DIRECTION('center_axis',(-1.49975978266186E-32,1.22464679914735E-16,
-1.));
#3450=DIRECTION('ref_axis',(-0.707106781186547,-0.707106781186548,-8.65956056235493E-17));
#3451=DIRECTION('',(1.49975978266186E-32,-1.22464679914735E-16,1.));
#3452=DIRECTION('center_axis',(-1.49975978266186E-32,1.22464679914735E-16,
-1.));
#3453=DIRECTION('ref_axis',(-0.707106781186547,-0.707106781186548,-8.65956056235493E-17));
#3454=DIRECTION('center_axis',(1.,1.22464679914735E-16,0.));
#3455=DIRECTION('ref_axis',(-1.22464679914735E-16,1.,1.22464679914735E-16));
#3456=DIRECTION('',(-1.49975978266186E-32,1.22464679914735E-16,-1.));
#3457=DIRECTION('',(-1.22464679914735E-16,1.,1.22464679914735E-16));
#3458=DIRECTION('center_axis',(-1.49975978266186E-32,1.22464679914735E-16,
-1.));
#3459=DIRECTION('ref_axis',(-0.707106781186548,0.707106781186547,8.65956056235493E-17));
#3460=DIRECTION('',(1.49975978266186E-32,-1.22464679914735E-16,1.));
#3461=DIRECTION('center_axis',(-1.49975978266186E-32,1.22464679914735E-16,
-1.));
#3462=DIRECTION('ref_axis',(-0.707106781186548,0.707106781186547,8.65956056235493E-17));
#3463=DIRECTION('center_axis',(-1.49975978266186E-32,1.22464679914735E-16,
-1.));
#3464=DIRECTION('ref_axis',(0.00115517900504779,0.999999332780511,1.22464598203914E-16));
#3465=DIRECTION('',(1.49975978266186E-32,-1.22464679914735E-16,1.));
#3466=DIRECTION('center_axis',(-0.00115517900504688,-0.999999332780511,
-1.22464598203914E-16));
#3467=DIRECTION('ref_axis',(0.999999332780511,-0.00115517900504688,-1.41468627097304E-19));
#3468=DIRECTION('center_axis',(-1.49975978266186E-32,1.22464679914735E-16,
-1.));
#3469=DIRECTION('ref_axis',(1.,1.22464679914735E-16,0.));
#3470=DIRECTION('',(1.49975978266186E-32,-1.22464679914735E-16,1.));
#3471=DIRECTION('center_axis',(-1.49975978266186E-32,1.22464679914735E-16,
-1.));
#3472=DIRECTION('ref_axis',(-0.547722557505167,-0.836660026534075,-1.02461302346949E-16));
#3473=DIRECTION('',(-1.49975978266186E-32,1.22464679914735E-16,-1.));
#3474=DIRECTION('center_axis',(-1.49975978266186E-32,1.22464679914735E-16,
-1.));
#3475=DIRECTION('ref_axis',(1.,1.22464679914735E-16,0.));
#3476=DIRECTION('',(-1.49975978266186E-32,1.22464679914735E-16,-1.));
#3477=DIRECTION('center_axis',(1.,1.22464679914735E-16,0.));
#3478=DIRECTION('ref_axis',(1.22464679914735E-16,-1.,-1.22464679914735E-16));
#3479=DIRECTION('center_axis',(-1.49975978266186E-32,1.22464679914735E-16,
-1.));
#3480=DIRECTION('ref_axis',(1.,1.22464679914735E-16,0.));
#3481=DIRECTION('',(-1.49975978266186E-32,1.22464679914735E-16,-1.));
#3482=DIRECTION('center_axis',(-1.49975978266186E-32,1.22464679914735E-16,
-1.));
#3483=DIRECTION('ref_axis',(0.707106781186548,-0.707106781186547,-8.65956056235493E-17));
#3484=DIRECTION('center_axis',(-1.49975978266186E-32,1.22464679914735E-16,
-1.));
#3485=DIRECTION('ref_axis',(0.707106781186548,-0.707106781186547,-8.65956056235493E-17));
#3486=DIRECTION('',(-1.49975978266186E-32,1.22464679914735E-16,-1.));
#3487=DIRECTION('center_axis',(-1.,-3.44509284839767E-16,-2.71926214689378E-32));
#3488=DIRECTION('ref_axis',(3.44509284839767E-16,-1.,-1.22464679914735E-16));
#3489=DIRECTION('',(3.44509284839767E-16,-1.,-1.22464679914735E-16));
#3490=DIRECTION('',(1.49975978266186E-32,-1.22464679914735E-16,1.));
#3491=DIRECTION('center_axis',(-1.49975978266186E-32,1.22464679914735E-16,
-1.));
#3492=DIRECTION('ref_axis',(0.707106781186547,0.707106781186548,8.65956056235493E-17));
#3493=DIRECTION('center_axis',(-1.49975978266186E-32,1.22464679914735E-16,
-1.));
#3494=DIRECTION('ref_axis',(0.707106781186547,0.707106781186548,8.65956056235493E-17));
#3495=DIRECTION('',(-1.49975978266186E-32,1.22464679914735E-16,-1.));
#3496=DIRECTION('center_axis',(1.77975831145993E-16,-1.,-1.22464679914735E-16));
#3497=DIRECTION('ref_axis',(1.,1.77975831145993E-16,6.79815536723446E-33));
#3498=DIRECTION('',(1.,1.77975831145993E-16,6.79815536723446E-33));
#3499=DIRECTION('center_axis',(-1.49975978266186E-32,1.22464679914735E-16,
-1.));
#3500=DIRECTION('ref_axis',(-1.,-1.22464679914735E-16,0.));
#3501=DIRECTION('',(-1.49975978266186E-32,1.22464679914735E-16,-1.));
#3502=DIRECTION('center_axis',(1.49975978266186E-32,-1.22464679914735E-16,
1.));
#3503=DIRECTION('ref_axis',(-1.,-1.22464679914735E-16,0.));
#3504=DIRECTION('center_axis',(-1.49975978266186E-32,1.22464679914735E-16,
-1.));
#3505=DIRECTION('ref_axis',(-1.,-1.22464679914735E-16,0.));
#3506=DIRECTION('',(-1.49975978266186E-32,1.22464679914735E-16,-1.));
#3507=DIRECTION('center_axis',(1.49975978266186E-32,-1.22464679914735E-16,
1.));
#3508=DIRECTION('ref_axis',(-1.,-1.22464679914735E-16,0.));
#3509=DIRECTION('center_axis',(-1.49975978266186E-32,1.22464679914735E-16,
-1.));
#3510=DIRECTION('ref_axis',(-1.,-1.22464679914735E-16,0.));
#3511=DIRECTION('',(-1.49975978266186E-32,1.22464679914735E-16,-1.));
#3512=DIRECTION('center_axis',(1.49975978266186E-32,-1.22464679914735E-16,
1.));
#3513=DIRECTION('ref_axis',(-1.,-1.22464679914735E-16,0.));
#3514=DIRECTION('center_axis',(-1.49975978266186E-32,1.22464679914735E-16,
-1.));
#3515=DIRECTION('ref_axis',(-1.,-1.22464679914735E-16,0.));
#3516=DIRECTION('center_axis',(0.,0.,-1.));
#3517=DIRECTION('ref_axis',(0.518874521662771,0.85485041426511,0.));
#3518=DIRECTION('center_axis',(0.,0.,1.));
#3519=DIRECTION('ref_axis',(0.518874521662771,0.85485041426511,0.));
#3520=DIRECTION('',(0.,0.,1.));
#3521=DIRECTION('center_axis',(0.,0.,1.));
#3522=DIRECTION('ref_axis',(0.518874521662771,0.85485041426511,0.));
#3523=DIRECTION('',(0.,0.,-1.));
#3524=DIRECTION('center_axis',(-6.30392470404375E-17,1.,0.));
#3525=DIRECTION('ref_axis',(1.,6.30392470404375E-17,0.));
#3526=DIRECTION('',(1.,6.30392470404375E-17,0.));
#3527=DIRECTION('',(0.,0.,-1.));
#3528=DIRECTION('',(-1.,-6.30392470404375E-17,0.));
#3529=DIRECTION('center_axis',(0.,0.,1.));
#3530=DIRECTION('ref_axis',(-1.,0.,0.));
#3531=DIRECTION('center_axis',(0.,0.,1.));
#3532=DIRECTION('ref_axis',(-1.,0.,0.));
#3533=DIRECTION('center_axis',(0.,0.,1.));
#3534=DIRECTION('ref_axis',(0.898717034272917,-0.438529009653516,0.));
#3535=DIRECTION('',(-1.,-3.58136459556502E-17,0.));
#3536=DIRECTION('center_axis',(0.,0.,1.));
#3537=DIRECTION('ref_axis',(-0.898717034272917,-0.438529009653515,0.));
#3538=DIRECTION('center_axis',(0.,0.,1.));
#3539=DIRECTION('ref_axis',(-1.,0.,0.));
#3540=DIRECTION('center_axis',(0.,0.,1.));
#3541=DIRECTION('ref_axis',(-0.518874521662771,0.85485041426511,0.));
#3542=DIRECTION('center_axis',(0.,0.,-1.));
#3543=DIRECTION('ref_axis',(-0.518874521662771,0.85485041426511,0.));
#3544=DIRECTION('',(0.,0.,1.));
#3545=DIRECTION('center_axis',(0.,0.,1.));
#3546=DIRECTION('ref_axis',(-0.518874521662771,0.85485041426511,0.));
#3547=DIRECTION('center_axis',(0.,0.,-1.));
#3548=DIRECTION('ref_axis',(-1.,0.,0.));
#3549=DIRECTION('',(0.,0.,-1.));
#3550=DIRECTION('center_axis',(0.,0.,-1.));
#3551=DIRECTION('ref_axis',(-1.,0.,0.));
#3552=DIRECTION('center_axis',(0.,0.,-1.));
#3553=DIRECTION('ref_axis',(0.518874521662771,-0.85485041426511,0.));
#3554=DIRECTION('center_axis',(0.,0.,1.));
#3555=DIRECTION('ref_axis',(0.518874521662771,-0.85485041426511,0.));
#3556=DIRECTION('',(0.,0.,1.));
#3557=DIRECTION('center_axis',(0.,0.,1.));
#3558=DIRECTION('ref_axis',(0.518874521662771,-0.85485041426511,0.));
#3559=DIRECTION('',(0.,0.,-1.));
#3560=DIRECTION('center_axis',(0.,0.,-1.));
#3561=DIRECTION('ref_axis',(-1.,0.,0.));
#3562=DIRECTION('center_axis',(0.,0.,1.));
#3563=DIRECTION('ref_axis',(-1.,0.,0.));
#3564=DIRECTION('',(0.,0.,-1.));
#3565=DIRECTION('center_axis',(0.,0.,-1.));
#3566=DIRECTION('ref_axis',(-1.,0.,0.));
#3567=DIRECTION('center_axis',(0.,0.,1.));
#3568=DIRECTION('ref_axis',(-1.,0.,0.));
#3569=DIRECTION('',(-1.,0.,0.));
#3570=DIRECTION('center_axis',(0.,0.,1.));
#3571=DIRECTION('ref_axis',(-0.518874521662771,-0.85485041426511,0.));
#3572=DIRECTION('center_axis',(0.,0.,1.));
#3573=DIRECTION('ref_axis',(-1.,0.,0.));
#3574=DIRECTION('center_axis',(0.,0.,1.));
#3575=DIRECTION('ref_axis',(-0.898717034272918,0.438529009653513,0.));
#3576=DIRECTION('',(1.,0.,0.));
#3577=DIRECTION('center_axis',(0.,0.,1.));
#3578=DIRECTION('ref_axis',(0.898717034272916,0.438529009653517,0.));
#3579=DIRECTION('center_axis',(0.,0.,-1.));
#3580=DIRECTION('ref_axis',(0.898717034272916,0.438529009653517,0.));
#3581=DIRECTION('',(0.,0.,1.));
#3582=DIRECTION('center_axis',(0.,0.,1.));
#3583=DIRECTION('ref_axis',(0.898717034272916,0.438529009653517,0.));
#3584=DIRECTION('center_axis',(0.,1.,0.));
#3585=DIRECTION('ref_axis',(-1.,0.,0.));
#3586=DIRECTION('',(1.,0.,0.));
#3587=DIRECTION('',(0.,0.,-1.));
#3588=DIRECTION('',(1.,0.,0.));
#3589=DIRECTION('',(0.,0.,1.));
#3590=DIRECTION('',(-1.,0.,0.));
#3591=DIRECTION('',(0.,0.,1.));
#3592=DIRECTION('center_axis',(0.,0.,-1.));
#3593=DIRECTION('ref_axis',(0.898717034272917,-0.438529009653516,0.));
#3594=DIRECTION('',(0.,0.,1.));
#3595=DIRECTION('center_axis',(0.,0.,1.));
#3596=DIRECTION('ref_axis',(0.898717034272917,-0.438529009653516,0.));
#3597=DIRECTION('',(0.,0.,-1.));
#3598=DIRECTION('center_axis',(0.,0.,-1.));
#3599=DIRECTION('ref_axis',(-1.,0.,0.));
#3600=DIRECTION('center_axis',(0.,0.,-1.));
#3601=DIRECTION('ref_axis',(-1.,0.,0.));
#3602=DIRECTION('center_axis',(0.,0.,-1.));
#3603=DIRECTION('ref_axis',(-0.518874521662771,-0.85485041426511,0.));
#3604=DIRECTION('',(0.,0.,1.));
#3605=DIRECTION('center_axis',(0.,0.,1.));
#3606=DIRECTION('ref_axis',(-0.518874521662771,-0.85485041426511,0.));
#3607=DIRECTION('',(0.,0.,-1.));
#3608=DIRECTION('center_axis',(0.,0.,-1.));
#3609=DIRECTION('ref_axis',(-1.,0.,0.));
#3610=DIRECTION('center_axis',(0.,0.,-1.));
#3611=DIRECTION('ref_axis',(-1.,0.,0.));
#3612=DIRECTION('',(0.,0.,1.));
#3613=DIRECTION('center_axis',(0.,0.,-1.));
#3614=DIRECTION('ref_axis',(-0.898717034272918,0.438529009653513,0.));
#3615=DIRECTION('center_axis',(0.,0.,1.));
#3616=DIRECTION('ref_axis',(-0.898717034272918,0.438529009653513,0.));
#3617=DIRECTION('center_axis',(0.,0.,-1.));
#3618=DIRECTION('ref_axis',(-0.898717034272917,-0.438529009653515,0.));
#3619=DIRECTION('',(0.,0.,1.));
#3620=DIRECTION('center_axis',(0.,0.,1.));
#3621=DIRECTION('ref_axis',(-0.898717034272917,-0.438529009653515,0.));
#3622=DIRECTION('center_axis',(0.,-1.,0.));
#3623=DIRECTION('ref_axis',(-1.,0.,0.));
#3624=DIRECTION('',(1.,0.,0.));
#3625=DIRECTION('center_axis',(0.,0.,1.));
#3626=DIRECTION('ref_axis',(-1.,0.,0.));
#3627=DIRECTION('center_axis',(0.,0.,1.));
#3628=DIRECTION('ref_axis',(-1.,0.,0.));
#3629=DIRECTION('',(1.,3.58136459556502E-17,0.));
#3630=DIRECTION('',(1.,3.58136459556502E-17,0.));
#3631=DIRECTION('center_axis',(0.,0.,1.));
#3632=DIRECTION('ref_axis',(-1.,0.,0.));
#3633=DIRECTION('center_axis',(0.,0.,-1.));
#3634=DIRECTION('ref_axis',(-1.,0.,0.));
#3635=DIRECTION('center_axis',(0.,0.,-1.));
#3636=DIRECTION('ref_axis',(-1.,0.,0.));
#3637=DIRECTION('center_axis',(0.,0.,1.));
#3638=DIRECTION('ref_axis',(-1.,0.,0.));
#3639=DIRECTION('center_axis',(0.,0.,-1.));
#3640=DIRECTION('ref_axis',(-1.,0.,0.));
#3641=DIRECTION('',(0.,0.,-1.));
#3642=DIRECTION('center_axis',(0.,0.,1.));
#3643=DIRECTION('ref_axis',(-1.,0.,0.));
#3644=DIRECTION('center_axis',(0.,0.,-1.));
#3645=DIRECTION('ref_axis',(-1.,0.,0.));
#3646=DIRECTION('',(0.,0.,-1.));
#3647=DIRECTION('center_axis',(0.,0.,1.));
#3648=DIRECTION('ref_axis',(1.,-1.22464679914735E-16,0.));
#3649=DIRECTION('center_axis',(0.,0.,1.));
#3650=DIRECTION('ref_axis',(-1.,0.,0.));
#3651=DIRECTION('',(0.,0.,1.));
#3652=DIRECTION('center_axis',(3.58136459556502E-17,-1.,0.));
#3653=DIRECTION('ref_axis',(1.,3.58136459556502E-17,0.));
#3654=DIRECTION('',(1.,3.58136459556502E-17,0.));
#3655=DIRECTION('',(0.,0.,1.));
#3656=DIRECTION('center_axis',(0.,0.,1.));
#3657=DIRECTION('ref_axis',(-1.,0.,0.));
#3658=DIRECTION('center_axis',(0.,0.,1.));
#3659=DIRECTION('ref_axis',(-1.,0.,0.));
#3660=DIRECTION('center_axis',(0.,0.,1.));
#3661=DIRECTION('ref_axis',(-1.,0.,0.));
#3662=CARTESIAN_POINT('',(0.,0.,0.));
#3663=CARTESIAN_POINT('Origin',(-18.,-13.1270166537926,1.));
#3664=CARTESIAN_POINT('',(-19.,-13.1270166537926,1.));
#3665=CARTESIAN_POINT('',(-17.75,-14.0952624903444,1.));
#3666=CARTESIAN_POINT('Origin',(-18.,-13.1270166537926,1.));
#3667=CARTESIAN_POINT('',(-19.,-13.1270166537926,5.));
#3668=CARTESIAN_POINT('',(-19.,-13.1270166537926,1.));
#3669=CARTESIAN_POINT('',(-17.75,-14.0952624903444,5.));
#3670=CARTESIAN_POINT('Origin',(-18.,-13.1270166537926,5.));
#3671=CARTESIAN_POINT('',(-17.75,-14.0952624903444,1.));
#3672=CARTESIAN_POINT('Origin',(2.22044604925031E-15,-2.22044604925031E-15,
1.));
#3673=CARTESIAN_POINT('',(-14.0952624903444,-17.75,1.));
#3674=CARTESIAN_POINT('Origin',(-17.,-17.,1.));
#3675=CARTESIAN_POINT('',(-13.1270166537926,-19.,1.));
#3676=CARTESIAN_POINT('Origin',(-13.1270166537926,-18.,1.));
#3677=CARTESIAN_POINT('',(-11.7174243050442,-19.,1.));
#3678=CARTESIAN_POINT('',(-19.,-19.,1.));
#3679=CARTESIAN_POINT('',(-11.4174243050442,-19.3,1.));
#3680=CARTESIAN_POINT('Origin',(-11.7174243050442,-19.3,1.));
#3681=CARTESIAN_POINT('',(-11.4174243050442,-19.7,1.));
#3682=CARTESIAN_POINT('',(-11.4174243050442,-20.,1.));
#3683=CARTESIAN_POINT('',(-11.7174243050442,-20.,1.));
#3684=CARTESIAN_POINT('Origin',(-11.7174243050442,-19.7,1.));
#3685=CARTESIAN_POINT('',(11.7174243050441,-20.,1.));
#3686=CARTESIAN_POINT('',(-10.,-20.,1.));
#3687=CARTESIAN_POINT('',(11.4174243050442,-19.7,1.));
#3688=CARTESIAN_POINT('Origin',(11.7174243050441,-19.7,1.));
#3689=CARTESIAN_POINT('',(11.4174243050442,-19.2649110640674,1.));
#3690=CARTESIAN_POINT('',(11.4174243050442,-20.,1.));
#3691=CARTESIAN_POINT('',(11.6481935358134,-18.973008510821,1.));
#3692=CARTESIAN_POINT('Origin',(11.7174243050442,-19.2649110640674,1.));
#3693=CARTESIAN_POINT('',(12.3339394440353,-17.6,1.));
#3694=CARTESIAN_POINT('Origin',(11.4174243050442,-18.,1.));
#3695=CARTESIAN_POINT('',(17.6,-12.3339394440353,1.));
#3696=CARTESIAN_POINT('Origin',(16.,-16.,1.));
#3697=CARTESIAN_POINT('',(19.,-11.4174243050442,1.));
#3698=CARTESIAN_POINT('Origin',(18.,-11.4174243050442,1.));
#3699=CARTESIAN_POINT('',(19.,-3.5,1.));
#3700=CARTESIAN_POINT('',(19.,-19.,1.));
#3701=CARTESIAN_POINT('',(18.,-2.5,1.));
#3702=CARTESIAN_POINT('Origin',(18.,-3.5,1.));
#3703=CARTESIAN_POINT('',(15.5,-2.5,1.));
#3704=CARTESIAN_POINT('',(7.75,-2.5,1.));
#3705=CARTESIAN_POINT('',(13.2412302427369,-1.07142857142857,1.));
#3706=CARTESIAN_POINT('Origin',(15.5,1.88135879372285E-15,1.));
#3707=CARTESIAN_POINT('',(12.3377223398316,-0.499999999999999,1.));
#3708=CARTESIAN_POINT('Origin',(12.3377223398316,-1.5,1.));
#3709=CARTESIAN_POINT('',(-12.3377223398316,-0.5,1.));
#3710=CARTESIAN_POINT('',(-6.52525512860841,-0.5,1.));
#3711=CARTESIAN_POINT('',(-13.2412302427369,-1.07142857142857,1.));
#3712=CARTESIAN_POINT('Origin',(-12.3377223398316,-1.5,1.));
#3713=CARTESIAN_POINT('',(-15.5,-2.5,1.));
#3714=CARTESIAN_POINT('Origin',(-15.5,-2.04514767694108E-16,1.));
#3715=CARTESIAN_POINT('',(-18.,-2.5,1.));
#3716=CARTESIAN_POINT('',(-9.5,-2.5,1.));
#3717=CARTESIAN_POINT('',(-19.,-3.5,1.));
#3718=CARTESIAN_POINT('Origin',(-18.,-3.5,1.));
#3719=CARTESIAN_POINT('',(-19.,19.,1.));
#3720=CARTESIAN_POINT('',(3.49999999999999,-9.,1.));
#3721=CARTESIAN_POINT('Origin',(8.99999999999999,-8.99999999999999,1.));
#3722=CARTESIAN_POINT('',(-14.5,-9.,1.));
#3723=CARTESIAN_POINT('Origin',(-8.99999999999999,-9.,1.));
#3724=CARTESIAN_POINT('Origin',(-17.,-17.,1.));
#3725=CARTESIAN_POINT('',(-14.0952624903444,-17.75,5.));
#3726=CARTESIAN_POINT('Origin',(-17.,-17.,5.));
#3727=CARTESIAN_POINT('',(-14.0952624903444,-17.75,1.));
#3728=CARTESIAN_POINT('Origin',(-13.1270166537926,-18.,1.));
#3729=CARTESIAN_POINT('',(-13.1270166537926,-19.,5.));
#3730=CARTESIAN_POINT('Origin',(-13.1270166537926,-18.,5.));
#3731=CARTESIAN_POINT('',(-13.1270166537926,-19.,1.));
#3732=CARTESIAN_POINT('Origin',(19.,-19.,4.));
#3733=CARTESIAN_POINT('',(-11.7174243050442,-19.,5.));
#3734=CARTESIAN_POINT('',(9.5,-19.,5.));
#3735=CARTESIAN_POINT('',(-11.7174243050442,-19.,4.5));
#3736=CARTESIAN_POINT('Origin',(2.22044604925031E-15,-2.22044604925031E-15,
3.8));
#3737=CARTESIAN_POINT('',(-15.5504310985676,-15.5504310985676,3.8));
#3738=CARTESIAN_POINT('Origin',(-17.,-17.,3.8));
#3739=CARTESIAN_POINT('Origin',(-19.,-19.,4.));
#3740=CARTESIAN_POINT('',(-19.,-3.5,4.));
#3741=CARTESIAN_POINT('',(-19.,-3.5,2.5));
#3742=CARTESIAN_POINT('',(-19.,3.5,4.));
#3743=CARTESIAN_POINT('',(-19.,-9.5,4.));
#3744=CARTESIAN_POINT('',(-19.,3.5,1.));
#3745=CARTESIAN_POINT('',(-19.,3.5,2.5));
#3746=CARTESIAN_POINT('',(-19.,11.4174243050442,1.));
#3747=CARTESIAN_POINT('',(-19.,19.,1.));
#3748=CARTESIAN_POINT('',(-19.,11.4174243050442,5.));
#3749=CARTESIAN_POINT('',(-19.,11.4174243050442,1.));
#3750=CARTESIAN_POINT('',(-19.,-9.5,5.));
#3751=CARTESIAN_POINT('Origin',(18.,13.1270166537926,1.));
#3752=CARTESIAN_POINT('',(19.,13.1270166537926,1.));
#3753=CARTESIAN_POINT('',(17.75,14.0952624903444,1.));
#3754=CARTESIAN_POINT('Origin',(18.,13.1270166537926,1.));
#3755=CARTESIAN_POINT('',(19.,13.1270166537926,5.));
#3756=CARTESIAN_POINT('',(19.,13.1270166537926,1.));
#3757=CARTESIAN_POINT('',(17.75,14.0952624903444,5.));
#3758=CARTESIAN_POINT('Origin',(18.,13.1270166537926,5.));
#3759=CARTESIAN_POINT('',(17.75,14.0952624903444,1.));
#3760=CARTESIAN_POINT('Origin',(2.22044604925031E-15,-2.22044604925031E-15,
1.));
#3761=CARTESIAN_POINT('',(14.0952624903444,17.75,1.));
#3762=CARTESIAN_POINT('Origin',(17.,17.,1.));
#3763=CARTESIAN_POINT('',(13.1270166537926,19.,1.));
#3764=CARTESIAN_POINT('Origin',(13.1270166537926,18.,1.));
#3765=CARTESIAN_POINT('',(11.7174243050442,19.,1.));
#3766=CARTESIAN_POINT('',(19.,19.,1.));
#3767=CARTESIAN_POINT('',(11.4174243050442,19.3,1.));
#3768=CARTESIAN_POINT('Origin',(11.7174243050442,19.3,1.));
#3769=CARTESIAN_POINT('',(11.4174243050442,19.7,1.));
#3770=CARTESIAN_POINT('',(11.4174243050442,20.,1.));
#3771=CARTESIAN_POINT('',(11.7174243050442,20.,1.));
#3772=CARTESIAN_POINT('Origin',(11.7174243050442,19.7,1.));
#3773=CARTESIAN_POINT('',(-11.7174243050442,20.,1.));
#3774=CARTESIAN_POINT('',(10.,20.,1.));
#3775=CARTESIAN_POINT('',(-11.4174243050442,19.7,1.));
#3776=CARTESIAN_POINT('Origin',(-11.7174243050442,19.7,1.));
#3777=CARTESIAN_POINT('',(-11.4174243050442,19.2649110640673,1.));
#3778=CARTESIAN_POINT('',(-11.4174243050442,20.,1.));
#3779=CARTESIAN_POINT('',(-11.6481935358134,18.973008510821,1.));
#3780=CARTESIAN_POINT('Origin',(-11.7174243050442,19.2649110640673,1.));
#3781=CARTESIAN_POINT('',(-12.3339394440353,17.6,1.));
#3782=CARTESIAN_POINT('Origin',(-11.4174243050442,18.,1.));
#3783=CARTESIAN_POINT('',(-17.6,12.3339394440353,1.));
#3784=CARTESIAN_POINT('Origin',(-16.,16.,1.));
#3785=CARTESIAN_POINT('Origin',(-18.,11.4174243050442,1.));
#3786=CARTESIAN_POINT('',(-18.,2.5,1.));
#3787=CARTESIAN_POINT('Origin',(-18.,3.5,1.));
#3788=CARTESIAN_POINT('',(-15.5,2.5,1.));
#3789=CARTESIAN_POINT('',(-7.74999999999999,2.5,1.));
#3790=CARTESIAN_POINT('',(-13.2412302427369,1.07142857142857,1.));
#3791=CARTESIAN_POINT('Origin',(-15.5,-2.04514767694108E-16,1.));
#3792=CARTESIAN_POINT('',(-12.3377223398316,0.5,1.));
#3793=CARTESIAN_POINT('Origin',(-12.3377223398316,1.5,1.));
#3794=CARTESIAN_POINT('',(12.3377223398316,0.500000000000001,1.));
#3795=CARTESIAN_POINT('',(6.52525512860841,0.500000000000001,1.));
#3796=CARTESIAN_POINT('',(13.2412302427369,1.07142857142857,1.));
#3797=CARTESIAN_POINT('Origin',(12.3377223398316,1.5,1.));
#3798=CARTESIAN_POINT('',(15.5,2.5,1.));
#3799=CARTESIAN_POINT('Origin',(15.5,1.88135879372285E-15,1.));
#3800=CARTESIAN_POINT('',(18.,2.5,1.));
#3801=CARTESIAN_POINT('',(9.5,2.5,1.));
#3802=CARTESIAN_POINT('',(19.,3.5,1.));
#3803=CARTESIAN_POINT('Origin',(18.,3.5,1.));
#3804=CARTESIAN_POINT('',(19.,-19.,1.));
#3805=CARTESIAN_POINT('',(-5.5,8.99999999999999,1.));
#3806=CARTESIAN_POINT('Origin',(0.,8.99999999999999,1.));
#3807=CARTESIAN_POINT('Origin',(17.,17.,1.));
#3808=CARTESIAN_POINT('',(14.0952624903444,17.75,5.));
#3809=CARTESIAN_POINT('Origin',(17.,17.,5.));
#3810=CARTESIAN_POINT('',(14.0952624903444,17.75,1.));
#3811=CARTESIAN_POINT('Origin',(13.1270166537926,18.,1.));
#3812=CARTESIAN_POINT('',(13.1270166537926,19.,5.));
#3813=CARTESIAN_POINT('Origin',(13.1270166537926,18.,5.));
#3814=CARTESIAN_POINT('',(13.1270166537926,19.,1.));
#3815=CARTESIAN_POINT('Origin',(-19.,19.,4.));
#3816=CARTESIAN_POINT('',(11.7174243050442,19.,5.));
#3817=CARTESIAN_POINT('',(-9.5,19.,5.));
#3818=CARTESIAN_POINT('',(11.7174243050442,19.,4.5));
#3819=CARTESIAN_POINT('Origin',(2.22044604925031E-15,-2.22044604925031E-15,
3.8));
#3820=CARTESIAN_POINT('',(15.5504310985676,15.5504310985676,3.8));
#3821=CARTESIAN_POINT('Origin',(17.,17.,3.8));
#3822=CARTESIAN_POINT('Origin',(-16.,16.,2.4));
#3823=CARTESIAN_POINT('',(-13.,16.,2.4));
#3824=CARTESIAN_POINT('Origin',(-16.,16.,2.4));
#3825=CARTESIAN_POINT('Origin',(16.,-16.,2.4));
#3826=CARTESIAN_POINT('',(19.,-16.,2.4));
#3827=CARTESIAN_POINT('Origin',(16.,-16.,2.4));
#3828=CARTESIAN_POINT('Origin',(12.3377223398316,-1.5,1.));
#3829=CARTESIAN_POINT('',(13.2412302427369,-1.07142857142857,2.));
#3830=CARTESIAN_POINT('',(13.2412302427369,-1.07142857142857,1.));
#3831=CARTESIAN_POINT('',(12.3377223398316,-0.499999999999999,2.));
#3832=CARTESIAN_POINT('Origin',(12.3377223398316,-1.5,2.));
#3833=CARTESIAN_POINT('',(12.3377223398316,-0.499999999999999,1.));
#3834=CARTESIAN_POINT('Origin',(-13.0505102572168,-0.5,1.));
#3835=CARTESIAN_POINT('',(-12.3377223398316,-0.5,2.));
#3836=CARTESIAN_POINT('',(-13.0505102572168,-0.5,2.));
#3837=CARTESIAN_POINT('',(-12.3377223398316,-0.5,1.));
#3838=CARTESIAN_POINT('Origin',(12.3377223398316,1.5,1.));
#3839=CARTESIAN_POINT('',(12.3377223398316,0.500000000000001,2.));
#3840=CARTESIAN_POINT('',(12.3377223398316,0.500000000000002,1.));
#3841=CARTESIAN_POINT('',(13.2412302427369,1.07142857142857,2.));
#3842=CARTESIAN_POINT('Origin',(12.3377223398316,1.5,2.));
#3843=CARTESIAN_POINT('',(13.2412302427369,1.07142857142857,1.));
#3844=CARTESIAN_POINT('Origin',(15.5,1.88135879372285E-15,1.));
#3845=CARTESIAN_POINT('',(15.5,-2.5,4.));
#3846=CARTESIAN_POINT('',(15.5,-2.5,1.));
#3847=CARTESIAN_POINT('',(15.5,2.5,4.));
#3848=CARTESIAN_POINT('Origin',(15.5,1.88135879372285E-15,4.));
#3849=CARTESIAN_POINT('',(15.5,2.5,1.));
#3850=CARTESIAN_POINT('Origin',(15.5,1.88135879372285E-15,2.));
#3851=CARTESIAN_POINT('Origin',(-12.3377223398316,1.5,1.));
#3852=CARTESIAN_POINT('',(-13.2412302427369,1.07142857142857,2.));
#3853=CARTESIAN_POINT('',(-13.2412302427369,1.07142857142857,1.));
#3854=CARTESIAN_POINT('',(-12.3377223398316,0.5,2.));
#3855=CARTESIAN_POINT('Origin',(-12.3377223398316,1.5,2.));
#3856=CARTESIAN_POINT('',(-12.3377223398316,0.5,1.));
#3857=CARTESIAN_POINT('Origin',(13.0505102572168,0.500000000000002,1.));
#3858=CARTESIAN_POINT('',(-13.0505102572168,0.5,2.));
#3859=CARTESIAN_POINT('Origin',(-12.3377223398316,-1.5,1.));
#3860=CARTESIAN_POINT('',(-13.2412302427369,-1.07142857142857,2.));
#3861=CARTESIAN_POINT('Origin',(-12.3377223398316,-1.5,2.));
#3862=CARTESIAN_POINT('',(-13.2412302427369,-1.07142857142857,1.));
#3863=CARTESIAN_POINT('Origin',(-15.5,-2.04514767694108E-16,1.));
#3864=CARTESIAN_POINT('',(-15.5,2.5,4.));
#3865=CARTESIAN_POINT('',(-15.5,2.5,1.));
#3866=CARTESIAN_POINT('',(-15.5,-2.5,4.));
#3867=CARTESIAN_POINT('Origin',(-15.5,-2.04514767694108E-16,4.));
#3868=CARTESIAN_POINT('',(-15.5,-2.5,1.));
#3869=CARTESIAN_POINT('Origin',(-15.5,-2.04514767694108E-16,2.));
#3870=CARTESIAN_POINT('Origin',(4.44089209850063E-15,8.32667268468867E-16,
2.));
#3871=CARTESIAN_POINT('Origin',(11.7174243050442,-19.2649110640674,1.));
#3872=CARTESIAN_POINT('',(11.4174243050442,-19.2649110640674,5.));
#3873=CARTESIAN_POINT('',(11.6481935358134,-18.973008510821,5.));
#3874=CARTESIAN_POINT('Origin',(11.7174243050442,-19.2649110640674,5.));
#3875=CARTESIAN_POINT('',(11.6481935358134,-18.973008510821,1.));
#3876=CARTESIAN_POINT('',(11.4174243050442,-19.2649110640674,1.));
#3877=CARTESIAN_POINT('Origin',(11.4174243050442,-18.,1.));
#3878=CARTESIAN_POINT('',(12.3339394440353,-17.6,5.));
#3879=CARTESIAN_POINT('Origin',(11.4174243050442,-18.,5.));
#3880=CARTESIAN_POINT('',(12.3339394440353,-17.6,1.));
#3881=CARTESIAN_POINT('Origin',(-4.44089209850063E-15,-4.44089209850063E-15,
5.));
#3882=CARTESIAN_POINT('',(19.,-11.4174243050441,5.));
#3883=CARTESIAN_POINT('',(19.,9.49999999999999,5.));
#3884=CARTESIAN_POINT('',(17.6,-12.3339394440353,5.));
#3885=CARTESIAN_POINT('Origin',(18.,-11.4174243050442,5.));
#3886=CARTESIAN_POINT('Origin',(16.,-16.,5.));
#3887=CARTESIAN_POINT('',(11.4174243050442,-19.7,5.));
#3888=CARTESIAN_POINT('',(11.4174243050442,-9.5,5.));
#3889=CARTESIAN_POINT('',(11.7174243050441,-20.,5.));
#3890=CARTESIAN_POINT('Origin',(11.7174243050441,-19.7,5.));
#3891=CARTESIAN_POINT('',(17.5,-20.,5.));
#3892=CARTESIAN_POINT('',(-20.,-20.,5.));
#3893=CARTESIAN_POINT('',(20.,-17.5,5.));
#3894=CARTESIAN_POINT('Origin',(17.5,-17.5,5.));
#3895=CARTESIAN_POINT('',(20.,17.5,5.));
#3896=CARTESIAN_POINT('',(20.,-20.,5.));
#3897=CARTESIAN_POINT('',(17.5,20.,5.));
#3898=CARTESIAN_POINT('Origin',(17.5,17.5,5.));
#3899=CARTESIAN_POINT('',(11.7174243050442,20.,5.));
#3900=CARTESIAN_POINT('',(20.,20.,5.));
#3901=CARTESIAN_POINT('',(11.4174243050442,19.7,5.));
#3902=CARTESIAN_POINT('Origin',(11.7174243050442,19.7,5.));
#3903=CARTESIAN_POINT('',(11.4174243050442,19.3,5.));
#3904=CARTESIAN_POINT('',(11.4174243050442,10.,5.));
#3905=CARTESIAN_POINT('Origin',(11.7174243050442,19.3,5.));
#3906=CARTESIAN_POINT('',(15.5504310985676,15.5504310985676,5.));
#3907=CARTESIAN_POINT('Origin',(17.,17.,5.));
#3908=CARTESIAN_POINT('',(19.,-16.,5.));
#3909=CARTESIAN_POINT('Origin',(16.,-16.,5.));
#3910=CARTESIAN_POINT('Origin',(-11.7174243050442,19.7,2.5));
#3911=CARTESIAN_POINT('',(-11.7174243050442,20.,5.));
#3912=CARTESIAN_POINT('',(-11.4174243050442,19.7,5.));
#3913=CARTESIAN_POINT('Origin',(-11.7174243050442,19.7,5.));
#3914=CARTESIAN_POINT('',(-11.4174243050442,19.7,2.5));
#3915=CARTESIAN_POINT('',(-11.7174243050442,20.,2.5));
#3916=CARTESIAN_POINT('Origin',(-11.4174243050442,19.,5.));
#3917=CARTESIAN_POINT('',(-11.4174243050442,19.2649110640673,5.));
#3918=CARTESIAN_POINT('',(-11.4174243050442,9.49999999999999,5.));
#3919=CARTESIAN_POINT('',(-11.4174243050442,19.2649110640673,1.));
#3920=CARTESIAN_POINT('Origin',(-4.44089209850063E-15,-4.44089209850063E-15,
5.));
#3921=CARTESIAN_POINT('',(-17.6,12.3339394440353,5.));
#3922=CARTESIAN_POINT('Origin',(-18.,11.4174243050442,5.));
#3923=CARTESIAN_POINT('',(-12.3339394440353,17.6,5.));
#3924=CARTESIAN_POINT('Origin',(-16.,16.,5.));
#3925=CARTESIAN_POINT('',(-11.6481935358134,18.973008510821,5.));
#3926=CARTESIAN_POINT('Origin',(-11.4174243050442,18.,5.));
#3927=CARTESIAN_POINT('Origin',(-11.7174243050442,19.2649110640673,5.));
#3928=CARTESIAN_POINT('',(-17.5,20.,5.));
#3929=CARTESIAN_POINT('',(20.,20.,5.));
#3930=CARTESIAN_POINT('',(-20.,17.5,5.));
#3931=CARTESIAN_POINT('Origin',(-17.5,17.5,5.));
#3932=CARTESIAN_POINT('',(-20.,-17.5,5.));
#3933=CARTESIAN_POINT('',(-20.,20.,5.));
#3934=CARTESIAN_POINT('',(-17.5,-20.,5.));
#3935=CARTESIAN_POINT('Origin',(-17.5,-17.5,5.));
#3936=CARTESIAN_POINT('',(-11.7174243050442,-20.,5.));
#3937=CARTESIAN_POINT('',(-20.,-20.,5.));
#3938=CARTESIAN_POINT('',(-11.4174243050442,-19.7,5.));
#3939=CARTESIAN_POINT('Origin',(-11.7174243050442,-19.7,5.));
#3940=CARTESIAN_POINT('',(-11.4174243050442,-19.3,5.));
#3941=CARTESIAN_POINT('',(-11.4174243050442,-10.,5.));
#3942=CARTESIAN_POINT('Origin',(-11.7174243050442,-19.3,5.));
#3943=CARTESIAN_POINT('',(-13.,16.,5.));
#3944=CARTESIAN_POINT('Origin',(-16.,16.,5.));
#3945=CARTESIAN_POINT('',(-15.5504310985676,-15.5504310985676,5.));
#3946=CARTESIAN_POINT('Origin',(-17.,-17.,5.));
#3947=CARTESIAN_POINT('Origin',(11.7174243050442,19.7,2.5));
#3948=CARTESIAN_POINT('',(11.7174243050442,20.,2.5));
#3949=CARTESIAN_POINT('',(11.4174243050442,19.7,2.5));
#3950=CARTESIAN_POINT('Origin',(11.4174243050442,20.,5.));
#3951=CARTESIAN_POINT('',(11.4174243050442,19.3,4.5));
#3952=CARTESIAN_POINT('Origin',(11.7174243050442,19.3,4.5));
#3953=CARTESIAN_POINT('Origin',(-11.7174243050442,19.2649110640673,1.));
#3954=CARTESIAN_POINT('',(-11.6481935358134,18.973008510821,1.));
#3955=CARTESIAN_POINT('Origin',(-11.4174243050442,18.,1.));
#3956=CARTESIAN_POINT('',(-12.3339394440353,17.6,1.));
#3957=CARTESIAN_POINT('Origin',(11.7174243050441,-19.7,2.5));
#3958=CARTESIAN_POINT('',(11.4174243050442,-19.7,2.5));
#3959=CARTESIAN_POINT('',(11.7174243050441,-20.,2.5));
#3960=CARTESIAN_POINT('Origin',(-20.,-20.,0.));
#3961=CARTESIAN_POINT('',(-11.7174243050442,-20.,2.5));
#3962=CARTESIAN_POINT('',(-17.5,-20.,0.));
#3963=CARTESIAN_POINT('',(-17.5,-20.,0.));
#3964=CARTESIAN_POINT('',(17.5,-20.,0.));
#3965=CARTESIAN_POINT('',(-20.,-20.,0.));
#3966=CARTESIAN_POINT('',(17.5,-20.,0.));
#3967=CARTESIAN_POINT('Origin',(-11.7174243050442,-19.3,4.5));
#3968=CARTESIAN_POINT('',(-11.4174243050442,-19.3,4.5));
#3969=CARTESIAN_POINT('Origin',(-11.4174243050442,-20.,5.));
#3970=CARTESIAN_POINT('',(-11.4174243050442,-19.7,2.5));
#3971=CARTESIAN_POINT('Origin',(-11.7174243050442,-19.7,2.5));
#3972=CARTESIAN_POINT('Origin',(11.4174243050442,-19.,5.));
#3973=CARTESIAN_POINT('Origin',(16.,-16.,1.));
#3974=CARTESIAN_POINT('',(17.6,-12.3339394440353,1.));
#3975=CARTESIAN_POINT('Origin',(18.,-11.4174243050442,1.));
#3976=CARTESIAN_POINT('',(19.,-11.4174243050442,1.));
#3977=CARTESIAN_POINT('Origin',(-16.,16.,1.));
#3978=CARTESIAN_POINT('',(-17.6,12.3339394440353,1.));
#3979=CARTESIAN_POINT('Origin',(-18.,11.4174243050442,1.));
#3980=CARTESIAN_POINT('Origin',(16.,-16.,1.));
#3981=CARTESIAN_POINT('',(19.,-16.,1.));
#3982=CARTESIAN_POINT('Origin',(19.,19.,4.));
#3983=CARTESIAN_POINT('',(19.,3.5,4.));
#3984=CARTESIAN_POINT('',(19.,3.5,2.5));
#3985=CARTESIAN_POINT('',(19.,-3.5,4.));
#3986=CARTESIAN_POINT('',(19.,9.5,4.));
#3987=CARTESIAN_POINT('',(19.,-3.5,2.5));
#3988=CARTESIAN_POINT('Origin',(-16.,16.,1.));
#3989=CARTESIAN_POINT('',(-13.,16.,1.));
#3990=CARTESIAN_POINT('Origin',(-18.,-3.5,2.5));
#3991=CARTESIAN_POINT('',(-18.,-2.5,4.));
#3992=CARTESIAN_POINT('',(-18.,-2.5,2.5));
#3993=CARTESIAN_POINT('Origin',(-18.,-3.5,4.));
#3994=CARTESIAN_POINT('Origin',(-18.,3.5,2.5));
#3995=CARTESIAN_POINT('',(-18.,2.5,4.));
#3996=CARTESIAN_POINT('Origin',(-18.,3.5,4.));
#3997=CARTESIAN_POINT('',(-18.,2.5,2.5));
#3998=CARTESIAN_POINT('Origin',(18.,3.5,2.5));
#3999=CARTESIAN_POINT('',(18.,2.5,4.));
#4000=CARTESIAN_POINT('',(18.,2.5,2.5));
#4001=CARTESIAN_POINT('Origin',(18.,3.5,4.));
#4002=CARTESIAN_POINT('Origin',(18.,-3.5,2.5));
#4003=CARTESIAN_POINT('',(18.,-2.5,4.));
#4004=CARTESIAN_POINT('Origin',(18.,-3.5,4.));
#4005=CARTESIAN_POINT('',(18.,-2.5,2.5));
#4006=CARTESIAN_POINT('Origin',(-17.5,-17.5,0.));
#4007=CARTESIAN_POINT('',(-20.,-17.5,0.));
#4008=CARTESIAN_POINT('',(-20.,-17.5,0.));
#4009=CARTESIAN_POINT('Origin',(-17.5,-17.5,0.));
#4010=CARTESIAN_POINT('Origin',(-20.,20.,0.));
#4011=CARTESIAN_POINT('',(-20.,17.5,0.));
#4012=CARTESIAN_POINT('',(-20.,17.5,0.));
#4013=CARTESIAN_POINT('',(-20.,20.,0.));
#4014=CARTESIAN_POINT('Origin',(-17.5,17.5,0.));
#4015=CARTESIAN_POINT('',(-17.5,20.,0.));
#4016=CARTESIAN_POINT('',(-17.5,20.,0.));
#4017=CARTESIAN_POINT('Origin',(-17.5,17.5,0.));
#4018=CARTESIAN_POINT('Origin',(20.,20.,0.));
#4019=CARTESIAN_POINT('',(17.5,20.,0.));
#4020=CARTESIAN_POINT('',(17.5,20.,0.));
#4021=CARTESIAN_POINT('',(20.,20.,0.));
#4022=CARTESIAN_POINT('Origin',(17.5,-17.5,0.));
#4023=CARTESIAN_POINT('',(20.,-17.5,0.));
#4024=CARTESIAN_POINT('Origin',(17.5,-17.5,0.));
#4025=CARTESIAN_POINT('',(20.,-17.5,0.));
#4026=CARTESIAN_POINT('Origin',(20.,-20.,0.));
#4027=CARTESIAN_POINT('',(20.,17.5,0.));
#4028=CARTESIAN_POINT('',(20.,-20.,0.));
#4029=CARTESIAN_POINT('',(20.,17.5,0.));
#4030=CARTESIAN_POINT('Origin',(17.5,17.5,0.));
#4031=CARTESIAN_POINT('Origin',(17.5,17.5,0.));
#4032=CARTESIAN_POINT('Origin',(17.,17.,4.));
#4033=CARTESIAN_POINT('',(15.5504310985676,15.5504310985676,4.));
#4034=CARTESIAN_POINT('Origin',(-17.,-17.,4.));
#4035=CARTESIAN_POINT('',(-15.5504310985676,-15.5504310985676,4.));
#4036=CARTESIAN_POINT('Origin',(15.5,1.88135879372285E-15,1.));
#4037=CARTESIAN_POINT('',(16.75,2.03443964361627E-15,4.));
#4038=CARTESIAN_POINT('Origin',(15.5,1.88135879372285E-15,4.));
#4039=CARTESIAN_POINT('',(16.75,2.03443964361627E-15,-2.77555756156289E-16));
#4040=CARTESIAN_POINT('',(16.75,2.03443964361627E-15,1.));
#4041=CARTESIAN_POINT('Origin',(15.5,1.88135879372285E-15,0.));
#4042=CARTESIAN_POINT('Origin',(19.,2.5,1.));
#4043=CARTESIAN_POINT('',(15.5,2.5,4.));
#4044=CARTESIAN_POINT('Origin',(15.5,-2.5,1.));
#4045=CARTESIAN_POINT('',(15.5,-2.5,4.));
#4046=CARTESIAN_POINT('Origin',(16.,2.22044604925031E-15,4.));
#4047=CARTESIAN_POINT('Origin',(-15.5,-2.04514767694108E-16,1.));
#4048=CARTESIAN_POINT('',(-14.25,-5.14339178006889E-17,4.));
#4049=CARTESIAN_POINT('Origin',(-15.5,-2.04514767694108E-16,4.));
#4050=CARTESIAN_POINT('',(-14.25,-5.14339178006889E-17,-2.77555756156289E-16));
#4051=CARTESIAN_POINT('',(-14.25,-5.14339178006889E-17,1.));
#4052=CARTESIAN_POINT('Origin',(-15.5,-2.04514767694108E-16,0.));
#4053=CARTESIAN_POINT('Origin',(-19.,-2.5,1.));
#4054=CARTESIAN_POINT('',(-15.5,-2.5,4.));
#4055=CARTESIAN_POINT('Origin',(-15.5,2.5,1.));
#4056=CARTESIAN_POINT('',(-15.5,2.5,4.));
#4057=CARTESIAN_POINT('Origin',(-16.,-1.38777878078145E-16,4.));
#4058=CARTESIAN_POINT('Origin',(-8.99999999999999,-9.,0.));
#4059=CARTESIAN_POINT('',(-14.5,-9.,0.));
#4060=CARTESIAN_POINT('',(-14.5,-9.,0.));
#4061=CARTESIAN_POINT('Origin',(-8.99999999999999,-9.,0.));
#4062=CARTESIAN_POINT('Origin',(8.99999999999999,-8.99999999999999,0.));
#4063=CARTESIAN_POINT('',(3.49999999999999,-9.,0.));
#4064=CARTESIAN_POINT('',(3.49999999999999,-9.,0.));
#4065=CARTESIAN_POINT('Origin',(8.99999999999999,-8.99999999999999,0.));
#4066=CARTESIAN_POINT('Origin',(0.,8.99999999999999,0.));
#4067=CARTESIAN_POINT('',(-5.5,8.99999999999999,0.));
#4068=CARTESIAN_POINT('',(-5.5,8.99999999999999,0.));
#4069=CARTESIAN_POINT('Origin',(0.,8.99999999999999,0.));
#4070=CARTESIAN_POINT('Origin',(-4.44089209850063E-15,-4.44089209850063E-15,
0.));
#4071=CARTESIAN_POINT('Origin',(29.8729833462074,18.,1.));
#4072=CARTESIAN_POINT('',(29.8729833462074,19.,1.));
#4073=CARTESIAN_POINT('',(28.9047375096555,17.75,1.));
#4074=CARTESIAN_POINT('Origin',(29.8729833462074,18.,1.));
#4075=CARTESIAN_POINT('',(29.8729833462074,19.,4.));
#4076=CARTESIAN_POINT('',(29.8729833462074,19.,1.));
#4077=CARTESIAN_POINT('',(28.9047375096555,17.75,4.));
#4078=CARTESIAN_POINT('Origin',(29.8729833462074,18.,4.));
#4079=CARTESIAN_POINT('',(28.9047375096555,17.75,1.));
#4080=CARTESIAN_POINT('Origin',(43.,-4.44089209850063E-14,1.));
#4081=CARTESIAN_POINT('',(25.25,14.0952624903444,1.));
#4082=CARTESIAN_POINT('Origin',(26.,17.,1.));
#4083=CARTESIAN_POINT('',(24.,13.1270166537925,1.));
#4084=CARTESIAN_POINT('Origin',(25.,13.1270166537925,1.));
#4085=CARTESIAN_POINT('',(24.,-11.4174243050442,1.));
#4086=CARTESIAN_POINT('',(24.,9.49999999999997,1.));
#4087=CARTESIAN_POINT('',(25.4,-12.3339394440353,1.));
#4088=CARTESIAN_POINT('Origin',(25.,-11.4174243050442,1.));
#4089=CARTESIAN_POINT('',(30.6753131302907,-17.5786302272263,1.));
#4090=CARTESIAN_POINT('Origin',(27.,-16.,1.));
#4091=CARTESIAN_POINT('',(31.5929862338584,-18.9732871168133,1.));
#4092=CARTESIAN_POINT('Origin',(31.5941414128634,-17.9732877840328,1.));
#4093=CARTESIAN_POINT('',(54.7174243050441,-19.,1.));
#4094=CARTESIAN_POINT('',(48.8477457773875,-18.9932194660744,1.));
#4095=CARTESIAN_POINT('',(56.1270166537926,-19.,1.));
#4096=CARTESIAN_POINT('',(54.7174243050441,-19.,1.));
#4097=CARTESIAN_POINT('',(57.0952624903444,-17.75,1.));
#4098=CARTESIAN_POINT('Origin',(56.1270166537926,-18.,1.));
#4099=CARTESIAN_POINT('',(60.75,-14.0952624903445,1.));
#4100=CARTESIAN_POINT('Origin',(60.,-17.,1.));
#4101=CARTESIAN_POINT('',(62.,-13.1270166537926,1.));
#4102=CARTESIAN_POINT('Origin',(61.,-13.1270166537926,1.));
#4103=CARTESIAN_POINT('',(62.,11.4174243050441,1.));
#4104=CARTESIAN_POINT('',(62.,19.,1.));
#4105=CARTESIAN_POINT('',(60.6,12.3339394440353,1.));
#4106=CARTESIAN_POINT('Origin',(61.,11.4174243050441,1.));
#4107=CARTESIAN_POINT('',(55.3246868697092,17.5786302272262,1.));
#4108=CARTESIAN_POINT('Origin',(59.,16.,1.));
#4109=CARTESIAN_POINT('',(54.4070137661416,18.9732871168133,1.));
#4110=CARTESIAN_POINT('Origin',(54.4058585871365,17.9732877840327,1.));
#4111=CARTESIAN_POINT('',(31.2825756949558,19.,1.));
#4112=CARTESIAN_POINT('',(37.1522542226124,18.9932194660743,1.));
#4113=CARTESIAN_POINT('',(31.2825756949558,19.,1.));
#4114=CARTESIAN_POINT('',(39.5,-9.00000000000002,1.));
#4115=CARTESIAN_POINT('Origin',(34.,-9.00000000000002,1.));
#4116=CARTESIAN_POINT('',(57.5,-9.00000000000003,1.));
#4117=CARTESIAN_POINT('Origin',(52.,-9.00000000000003,1.));
#4118=CARTESIAN_POINT('',(48.5,8.99999999999997,1.));
#4119=CARTESIAN_POINT('Origin',(43.,8.99999999999997,1.));
#4120=CARTESIAN_POINT('Origin',(26.,17.,1.));
#4121=CARTESIAN_POINT('',(25.25,14.0952624903444,4.));
#4122=CARTESIAN_POINT('Origin',(26.,17.,4.));
#4123=CARTESIAN_POINT('',(25.25,14.0952624903444,1.));
#4124=CARTESIAN_POINT('Origin',(25.,13.1270166537925,1.));
#4125=CARTESIAN_POINT('',(24.,13.1270166537925,4.));
#4126=CARTESIAN_POINT('Origin',(25.,13.1270166537925,4.));
#4127=CARTESIAN_POINT('',(24.,13.1270166537925,1.));
#4128=CARTESIAN_POINT('Origin',(56.1270166537926,-18.,1.));
#4129=CARTESIAN_POINT('',(56.1270166537926,-19.,4.));
#4130=CARTESIAN_POINT('',(56.1270166537926,-19.,1.));
#4131=CARTESIAN_POINT('',(57.0952624903444,-17.75,4.));
#4132=CARTESIAN_POINT('Origin',(56.1270166537926,-18.,4.));
#4133=CARTESIAN_POINT('',(57.0952624903444,-17.75,1.));
#4134=CARTESIAN_POINT('Origin',(60.,-17.,1.));
#4135=CARTESIAN_POINT('',(60.75,-14.0952624903445,4.));
#4136=CARTESIAN_POINT('Origin',(60.,-17.,4.));
#4137=CARTESIAN_POINT('',(60.75,-14.0952624903445,1.));
#4138=CARTESIAN_POINT('Origin',(61.,-13.1270166537926,1.));
#4139=CARTESIAN_POINT('',(62.,-13.1270166537926,4.));
#4140=CARTESIAN_POINT('Origin',(61.,-13.1270166537926,4.));
#4141=CARTESIAN_POINT('',(62.,-13.1270166537926,1.));
#4142=CARTESIAN_POINT('Origin',(62.,-19.,4.));
#4143=CARTESIAN_POINT('',(62.,11.4174243050441,4.));
#4144=CARTESIAN_POINT('',(62.,-8.50000000000004,4.));
#4145=CARTESIAN_POINT('',(62.,11.4174243050441,1.));
#4146=CARTESIAN_POINT('Origin',(26.,17.,1.));
#4147=CARTESIAN_POINT('',(28.,17.,5.));
#4148=CARTESIAN_POINT('Origin',(26.,17.,5.));
#4149=CARTESIAN_POINT('',(28.,17.,4.));
#4150=CARTESIAN_POINT('',(28.,17.,1.));
#4151=CARTESIAN_POINT('Origin',(26.,17.,4.));
#4152=CARTESIAN_POINT('Origin',(60.,-17.,1.));
#4153=CARTESIAN_POINT('',(62.,-17.,5.));
#4154=CARTESIAN_POINT('Origin',(60.,-17.,5.));
#4155=CARTESIAN_POINT('',(62.,-17.,4.));
#4156=CARTESIAN_POINT('',(62.,-17.,1.));
#4157=CARTESIAN_POINT('Origin',(60.,-17.,4.));
#4158=CARTESIAN_POINT('Origin',(60.,-17.,5.));
#4159=CARTESIAN_POINT('Origin',(26.,17.,5.));
#4160=CARTESIAN_POINT('Origin',(27.,-16.,1.4));
#4161=CARTESIAN_POINT('',(24.,-16.,1.4));
#4162=CARTESIAN_POINT('Origin',(27.,-16.,1.4));
#4163=CARTESIAN_POINT('Origin',(59.,16.,1.4));
#4164=CARTESIAN_POINT('',(56.,16.,1.4));
#4165=CARTESIAN_POINT('Origin',(59.,16.,1.4));
#4166=CARTESIAN_POINT('Origin',(24.,-19.,4.));
#4167=CARTESIAN_POINT('',(54.7174243050441,-19.,4.));
#4168=CARTESIAN_POINT('',(54.7174243050441,-19.,4.5));
#4169=CARTESIAN_POINT('',(49.3587121525221,-19.,4.));
#4170=CARTESIAN_POINT('Origin',(62.,19.,4.));
#4171=CARTESIAN_POINT('',(31.2825756949558,19.,4.));
#4172=CARTESIAN_POINT('',(31.2825756949558,19.,4.5));
#4173=CARTESIAN_POINT('',(36.6412878474779,19.,4.));
#4174=CARTESIAN_POINT('Origin',(43.,-4.44089209850063E-14,4.));
#4175=CARTESIAN_POINT('',(25.5,20.,4.));
#4176=CARTESIAN_POINT('',(60.5,20.,4.));
#4177=CARTESIAN_POINT('',(33.,20.,4.));
#4178=CARTESIAN_POINT('',(23.,17.5,4.));
#4179=CARTESIAN_POINT('Origin',(25.5,17.5,4.));
#4180=CARTESIAN_POINT('',(23.,-17.5,4.));
#4181=CARTESIAN_POINT('',(23.,-10.,4.));
#4182=CARTESIAN_POINT('',(25.5,-20.,4.));
#4183=CARTESIAN_POINT('Origin',(25.5,-17.5,4.));
#4184=CARTESIAN_POINT('',(60.5,-20.,4.));
#4185=CARTESIAN_POINT('',(53.,-20.,4.));
#4186=CARTESIAN_POINT('',(63.,-17.5,4.));
#4187=CARTESIAN_POINT('Origin',(60.5,-17.5,4.));
#4188=CARTESIAN_POINT('',(63.,17.5,4.));
#4189=CARTESIAN_POINT('',(63.,9.99999999999996,4.));
#4190=CARTESIAN_POINT('Origin',(60.5,17.5,4.));
#4191=CARTESIAN_POINT('',(56.,16.,4.));
#4192=CARTESIAN_POINT('Origin',(59.,16.,4.));
#4193=CARTESIAN_POINT('',(54.4070137661416,18.9732871168133,4.));
#4194=CARTESIAN_POINT('',(37.1522542226124,18.9932194660743,4.));
#4195=CARTESIAN_POINT('',(55.3246868697092,17.5786302272262,4.00000000000001));
#4196=CARTESIAN_POINT('Origin',(54.4058585871365,17.9732877840327,4.));
#4197=CARTESIAN_POINT('',(60.6,12.3339394440353,4.));
#4198=CARTESIAN_POINT('Origin',(59.,16.,4.));
#4199=CARTESIAN_POINT('Origin',(61.,11.4174243050441,4.));
#4200=CARTESIAN_POINT('',(31.5929862338584,-18.9732871168133,4.));
#4201=CARTESIAN_POINT('',(48.8477457773876,-18.9932194660744,4.));
#4202=CARTESIAN_POINT('',(30.6753131302907,-17.5786302272263,4.));
#4203=CARTESIAN_POINT('Origin',(31.5941414128634,-17.9732877840328,4.));
#4204=CARTESIAN_POINT('',(25.4,-12.3339394440353,4.));
#4205=CARTESIAN_POINT('Origin',(27.,-16.,4.));
#4206=CARTESIAN_POINT('',(24.,-11.4174243050442,4.));
#4207=CARTESIAN_POINT('Origin',(25.,-11.4174243050442,4.));
#4208=CARTESIAN_POINT('',(24.,8.49999999999996,4.));
#4209=CARTESIAN_POINT('',(24.,-16.,4.));
#4210=CARTESIAN_POINT('Origin',(27.,-16.,4.));
#4211=CARTESIAN_POINT('Origin',(54.7174243050441,-19.,1.));
#4212=CARTESIAN_POINT('',(31.5929862338584,-18.9732871168133,1.));
#4213=CARTESIAN_POINT('Origin',(61.,11.4174243050441,1.));
#4214=CARTESIAN_POINT('',(60.6,12.3339394440353,1.));
#4215=CARTESIAN_POINT('Origin',(59.,16.,1.));
#4216=CARTESIAN_POINT('',(55.3246868697092,17.5786302272262,1.));
#4217=CARTESIAN_POINT('Origin',(54.4058585871365,17.9732877840327,1.));
#4218=CARTESIAN_POINT('',(54.4070137661416,18.9732871168133,1.));
#4219=CARTESIAN_POINT('Origin',(63.,-20.,0.));
#4220=CARTESIAN_POINT('',(25.5,-20.,0.));
#4221=CARTESIAN_POINT('',(25.5,-20.,0.));
#4222=CARTESIAN_POINT('',(60.5,-20.,0.));
#4223=CARTESIAN_POINT('',(63.,-20.,0.));
#4224=CARTESIAN_POINT('',(60.5,-20.,0.));
#4225=CARTESIAN_POINT('Origin',(25.5,-17.5,0.));
#4226=CARTESIAN_POINT('',(23.,-17.5,0.));
#4227=CARTESIAN_POINT('',(23.,-17.5,0.));
#4228=CARTESIAN_POINT('Origin',(25.5,-17.5,0.));
#4229=CARTESIAN_POINT('Origin',(23.,-20.,0.));
#4230=CARTESIAN_POINT('',(23.,17.5,4.44089209850063E-15));
#4231=CARTESIAN_POINT('',(23.,17.5,4.44089209850063E-15));
#4232=CARTESIAN_POINT('',(23.,-20.,0.));
#4233=CARTESIAN_POINT('Origin',(25.5,17.5,4.44089209850063E-15));
#4234=CARTESIAN_POINT('',(25.5,20.,4.44089209850063E-15));
#4235=CARTESIAN_POINT('',(25.5,20.,4.44089209850063E-15));
#4236=CARTESIAN_POINT('Origin',(25.5,17.5,4.44089209850063E-15));
#4237=CARTESIAN_POINT('Origin',(31.5941414128634,-17.9732877840328,1.));
#4238=CARTESIAN_POINT('',(30.6753131302907,-17.5786302272263,1.));
#4239=CARTESIAN_POINT('Origin',(31.2825756949558,19.,1.));
#4240=CARTESIAN_POINT('Origin',(27.,-16.,1.));
#4241=CARTESIAN_POINT('',(25.4,-12.3339394440353,1.));
#4242=CARTESIAN_POINT('Origin',(25.,-11.4174243050442,1.));
#4243=CARTESIAN_POINT('',(24.,-11.4174243050442,1.));
#4244=CARTESIAN_POINT('Origin',(27.,-16.,1.));
#4245=CARTESIAN_POINT('',(24.,-16.,1.));
#4246=CARTESIAN_POINT('Origin',(24.,19.,4.));
#4247=CARTESIAN_POINT('Origin',(59.,16.,1.));
#4248=CARTESIAN_POINT('',(56.,16.,1.));
#4249=CARTESIAN_POINT('Origin',(60.5,-17.5,0.));
#4250=CARTESIAN_POINT('',(63.,-17.5,0.));
#4251=CARTESIAN_POINT('Origin',(60.5,-17.5,0.));
#4252=CARTESIAN_POINT('',(63.,-17.5,0.));
#4253=CARTESIAN_POINT('Origin',(63.,20.,4.44089209850063E-15));
#4254=CARTESIAN_POINT('',(63.,17.5,4.44089209850063E-15));
#4255=CARTESIAN_POINT('',(63.,20.,4.44089209850063E-15));
#4256=CARTESIAN_POINT('',(63.,17.5,4.44089209850063E-15));
#4257=CARTESIAN_POINT('Origin',(60.5,17.5,4.44089209850063E-15));
#4258=CARTESIAN_POINT('',(60.5,20.,4.44089209850063E-15));
#4259=CARTESIAN_POINT('Origin',(60.5,17.5,4.44089209850063E-15));
#4260=CARTESIAN_POINT('',(60.5,20.,4.44089209850063E-15));
#4261=CARTESIAN_POINT('Origin',(23.,20.,4.44089209850063E-15));
#4262=CARTESIAN_POINT('',(23.,20.,4.44089209850063E-15));
#4263=CARTESIAN_POINT('Origin',(52.,-9.00000000000003,2.22044604925031E-15));
#4264=CARTESIAN_POINT('',(57.4999999999999,-9.00000000000003,2.22044604925031E-15));
#4265=CARTESIAN_POINT('',(57.5,-9.00000000000003,2.22044604925031E-15));
#4266=CARTESIAN_POINT('Origin',(52.,-9.00000000000003,2.22044604925031E-15));
#4267=CARTESIAN_POINT('Origin',(34.,-9.00000000000002,2.22044604925031E-15));
#4268=CARTESIAN_POINT('',(39.5,-9.00000000000003,2.22044604925031E-15));
#4269=CARTESIAN_POINT('',(39.5,-9.00000000000002,2.22044604925031E-15));
#4270=CARTESIAN_POINT('Origin',(34.,-9.00000000000002,2.22044604925031E-15));
#4271=CARTESIAN_POINT('Origin',(43.,8.99999999999997,3.33066907387547E-15));
#4272=CARTESIAN_POINT('',(48.5,8.99999999999997,3.33066907387547E-15));
#4273=CARTESIAN_POINT('',(48.5,8.99999999999997,3.33066907387547E-15));
#4274=CARTESIAN_POINT('Origin',(43.,8.99999999999997,3.33066907387547E-15));
#4275=CARTESIAN_POINT('Origin',(43.,-4.44089209850063E-14,2.22044604925031E-15));
#4276=CARTESIAN_POINT('Origin',(12.6168593513323,-1.5,4.));
#4277=CARTESIAN_POINT('',(13.0604194511273,-1.26923076923077,2.));
#4278=CARTESIAN_POINT('',(12.6168593513323,-0.999999999999999,2.));
#4279=CARTESIAN_POINT('Origin',(12.6168593513323,-1.5,2.));
#4280=CARTESIAN_POINT('',(12.6168593513323,-0.999999999999999,4.));
#4281=CARTESIAN_POINT('',(12.6168593513323,-0.999999999999999,4.));
#4282=CARTESIAN_POINT('',(13.0604194511273,-1.26923076923077,4.));
#4283=CARTESIAN_POINT('Origin',(12.6168593513323,-1.5,4.));
#4284=CARTESIAN_POINT('',(13.0604194511273,-1.26923076923077,4.));
#4285=CARTESIAN_POINT('Origin',(-12.9382623085101,-1.,4.));
#4286=CARTESIAN_POINT('',(-12.6168593513323,-1.,2.));
#4287=CARTESIAN_POINT('',(-13.2087121525221,-1.,2.));
#4288=CARTESIAN_POINT('',(-12.6168593513323,-1.,4.));
#4289=CARTESIAN_POINT('',(-12.6168593513323,-1.,4.));
#4290=CARTESIAN_POINT('',(-6.46913115425504,-1.,4.));
#4291=CARTESIAN_POINT('Origin',(2.22044604925031E-15,-1.75,2.));
#4292=CARTESIAN_POINT('',(13.3323757995085,-1.69230769230769,2.));
#4293=CARTESIAN_POINT('Origin',(15.5,1.88135879372285E-15,2.));
#4294=CARTESIAN_POINT('',(12.9382623085101,-2.5,2.));
#4295=CARTESIAN_POINT('Origin',(12.9382623085101,-2.,2.));
#4296=CARTESIAN_POINT('',(-12.9382623085101,-2.5,2.));
#4297=CARTESIAN_POINT('',(-15.5,-2.5,2.));
#4298=CARTESIAN_POINT('',(-13.3323757995085,-1.69230769230769,2.));
#4299=CARTESIAN_POINT('Origin',(-12.9382623085101,-2.,2.));
#4300=CARTESIAN_POINT('',(-13.0604194511273,-1.26923076923077,2.));
#4301=CARTESIAN_POINT('Origin',(-15.5,-2.04514767694108E-16,2.));
#4302=CARTESIAN_POINT('Origin',(-12.6168593513323,-1.5,2.));
#4303=CARTESIAN_POINT('Origin',(-12.6168593513323,-1.5,4.));
#4304=CARTESIAN_POINT('',(-13.0604194511273,-1.26923076923077,4.));
#4305=CARTESIAN_POINT('',(-13.0604194511273,-1.26923076923077,4.));
#4306=CARTESIAN_POINT('Origin',(-12.6168593513323,-1.5,4.));
#4307=CARTESIAN_POINT('Origin',(-15.5,-2.04514767694108E-16,4.));
#4308=CARTESIAN_POINT('',(-13.3323757995085,-1.69230769230769,4.));
#4309=CARTESIAN_POINT('',(-13.3323757995085,-1.69230769230769,4.));
#4310=CARTESIAN_POINT('Origin',(-15.5,-2.04514767694108E-16,4.));
#4311=CARTESIAN_POINT('Origin',(12.6168593513323,1.5,4.));
#4312=CARTESIAN_POINT('',(12.6168593513323,1.,2.));
#4313=CARTESIAN_POINT('',(13.0604194511273,1.26923076923077,2.));
#4314=CARTESIAN_POINT('Origin',(12.6168593513323,1.5,2.));
#4315=CARTESIAN_POINT('',(13.0604194511273,1.26923076923077,4.));
#4316=CARTESIAN_POINT('',(13.0604194511273,1.26923076923077,4.));
#4317=CARTESIAN_POINT('',(12.6168593513323,1.,4.));
#4318=CARTESIAN_POINT('Origin',(12.6168593513323,1.5,4.));
#4319=CARTESIAN_POINT('',(12.6168593513323,1.,4.));
#4320=CARTESIAN_POINT('Origin',(15.5,1.88135879372285E-15,4.));
#4321=CARTESIAN_POINT('',(13.3323757995085,1.69230769230769,2.));
#4322=CARTESIAN_POINT('Origin',(15.5,1.88135879372285E-15,2.));
#4323=CARTESIAN_POINT('',(13.3323757995085,1.69230769230769,4.));
#4324=CARTESIAN_POINT('',(13.3323757995085,1.69230769230769,4.));
#4325=CARTESIAN_POINT('Origin',(15.5,1.88135879372285E-15,4.));
#4326=CARTESIAN_POINT('Origin',(0.,1.75,2.));
#4327=CARTESIAN_POINT('',(-12.6168593513323,1.,2.));
#4328=CARTESIAN_POINT('',(-13.2087121525221,1.,2.));
#4329=CARTESIAN_POINT('',(-13.0604194511273,1.26923076923077,2.));
#4330=CARTESIAN_POINT('Origin',(-12.6168593513323,1.5,2.));
#4331=CARTESIAN_POINT('',(-13.3323757995085,1.69230769230769,2.));
#4332=CARTESIAN_POINT('Origin',(-15.5,-2.04514767694108E-16,2.));
#4333=CARTESIAN_POINT('',(-12.9382623085101,2.5,2.));
#4334=CARTESIAN_POINT('Origin',(-12.9382623085101,2.,2.));
#4335=CARTESIAN_POINT('',(12.9382623085101,2.5,2.));
#4336=CARTESIAN_POINT('',(-15.5,2.5,2.));
#4337=CARTESIAN_POINT('Origin',(12.9382623085101,2.,2.));
#4338=CARTESIAN_POINT('Origin',(12.9382623085101,2.,4.));
#4339=CARTESIAN_POINT('',(12.9382623085101,2.5,4.));
#4340=CARTESIAN_POINT('',(12.9382623085101,2.5,4.));
#4341=CARTESIAN_POINT('Origin',(12.9382623085101,2.,4.));
#4342=CARTESIAN_POINT('Origin',(15.5,2.5,4.));
#4343=CARTESIAN_POINT('',(15.5,2.5,4.));
#4344=CARTESIAN_POINT('',(-15.5,2.5,4.));
#4345=CARTESIAN_POINT('',(-12.9382623085101,2.5,4.));
#4346=CARTESIAN_POINT('',(-12.9382623085101,2.5,4.));
#4347=CARTESIAN_POINT('',(-15.5,2.5,4.));
#4348=CARTESIAN_POINT('',(-15.5,2.5,4.));
#4349=CARTESIAN_POINT('',(-15.5,2.5,5.));
#4350=CARTESIAN_POINT('',(-15.5,2.5,4.));
#4351=CARTESIAN_POINT('',(15.5,2.5,5.));
#4352=CARTESIAN_POINT('',(-15.5,2.5,5.));
#4353=CARTESIAN_POINT('',(15.5,2.5,4.));
#4354=CARTESIAN_POINT('Origin',(12.9382623085101,-2.,4.));
#4355=CARTESIAN_POINT('',(13.3323757995085,-1.69230769230769,4.));
#4356=CARTESIAN_POINT('',(13.3323757995085,-1.69230769230769,4.));
#4357=CARTESIAN_POINT('',(12.9382623085101,-2.5,4.));
#4358=CARTESIAN_POINT('Origin',(12.9382623085101,-2.,4.));
#4359=CARTESIAN_POINT('',(12.9382623085101,-2.5,4.));
#4360=CARTESIAN_POINT('Origin',(15.5,1.88135879372285E-15,4.));
#4361=CARTESIAN_POINT('Origin',(15.5,1.88135879372285E-15,4.));
#4362=CARTESIAN_POINT('Origin',(-12.6168593513323,1.5,4.));
#4363=CARTESIAN_POINT('',(-12.6168593513323,1.,4.));
#4364=CARTESIAN_POINT('',(-12.6168593513323,1.,4.));
#4365=CARTESIAN_POINT('',(-13.0604194511273,1.26923076923077,4.));
#4366=CARTESIAN_POINT('Origin',(-12.6168593513323,1.5,4.));
#4367=CARTESIAN_POINT('',(-13.0604194511273,1.26923076923077,4.));
#4368=CARTESIAN_POINT('Origin',(-15.5,-2.04514767694108E-16,4.));
#4369=CARTESIAN_POINT('',(-13.3323757995085,1.69230769230769,4.));
#4370=CARTESIAN_POINT('Origin',(-15.5,-2.04514767694108E-16,4.));
#4371=CARTESIAN_POINT('',(-13.3323757995085,1.69230769230769,4.));
#4372=CARTESIAN_POINT('Origin',(-12.9382623085101,2.,4.));
#4373=CARTESIAN_POINT('Origin',(-12.9382623085101,2.,4.));
#4374=CARTESIAN_POINT('Origin',(-12.9382623085101,-2.,4.));
#4375=CARTESIAN_POINT('',(-12.9382623085101,-2.5,4.));
#4376=CARTESIAN_POINT('',(-12.9382623085101,-2.5,4.));
#4377=CARTESIAN_POINT('Origin',(-12.9382623085101,-2.,4.));
#4378=CARTESIAN_POINT('Origin',(12.9382623085101,1.,4.));
#4379=CARTESIAN_POINT('',(6.46913115425505,1.,4.));
#4380=CARTESIAN_POINT('Origin',(2.22044604925031E-15,5.55111512312578E-16,
4.));
#4381=CARTESIAN_POINT('',(15.5,-2.5,4.));
#4382=CARTESIAN_POINT('Origin',(15.5,1.88135879372285E-15,4.));
#4383=CARTESIAN_POINT('',(-15.5,-2.5,4.));
#4384=CARTESIAN_POINT('',(-15.5,-2.5,4.));
#4385=CARTESIAN_POINT('',(-15.5,-2.5,4.));
#4386=CARTESIAN_POINT('Origin',(-15.5,-2.04514767694108E-16,4.));
#4387=CARTESIAN_POINT('',(-13.85,-2.44804583479469E-18,4.));
#4388=CARTESIAN_POINT('Origin',(-15.5,-2.04514767694108E-16,4.));
#4389=CARTESIAN_POINT('',(17.15,2.08342551558217E-15,4.));
#4390=CARTESIAN_POINT('Origin',(15.5,1.88135879372285E-15,4.));
#4391=CARTESIAN_POINT('Origin',(-15.5,-2.04514767694108E-16,4.));
#4392=CARTESIAN_POINT('',(-13.85,-2.44804583479472E-18,5.));
#4393=CARTESIAN_POINT('Origin',(-15.5,-2.04514767694108E-16,5.));
#4394=CARTESIAN_POINT('',(-13.85,-2.44804583479469E-18,4.));
#4395=CARTESIAN_POINT('Origin',(15.5,1.88135879372285E-15,4.));
#4396=CARTESIAN_POINT('',(17.15,2.08342551558217E-15,5.));
#4397=CARTESIAN_POINT('Origin',(15.5,1.88135879372285E-15,5.));
#4398=CARTESIAN_POINT('',(17.15,2.08342551558217E-15,4.));
#4399=CARTESIAN_POINT('Origin',(15.5,1.88135879372285E-15,4.));
#4400=CARTESIAN_POINT('',(15.5,-2.5,5.));
#4401=CARTESIAN_POINT('Origin',(15.5,1.88135879372285E-15,5.));
#4402=CARTESIAN_POINT('',(15.5,-2.5,4.));
#4403=CARTESIAN_POINT('Origin',(-15.5,-2.5,4.));
#4404=CARTESIAN_POINT('',(-15.5,-2.5,5.));
#4405=CARTESIAN_POINT('',(-15.5,-2.5,5.));
#4406=CARTESIAN_POINT('',(-15.5,-2.5,4.));
#4407=CARTESIAN_POINT('Origin',(-15.5,-2.04514767694108E-16,4.));
#4408=CARTESIAN_POINT('Origin',(-15.5,-2.04514767694108E-16,5.));
#4409=CARTESIAN_POINT('Origin',(2.22044604925031E-15,5.55111512312578E-16,
5.));
#4410=UNCERTAINTY_MEASURE_WITH_UNIT(LENGTH_MEASURE(0.01),#4414,
'DISTANCE_ACCURACY_VALUE',
'Maximum model space distance between geometric entities at asserted c
onnectivities');
#4411=UNCERTAINTY_MEASURE_WITH_UNIT(LENGTH_MEASURE(0.01),#4414,
'DISTANCE_ACCURACY_VALUE',
'Maximum model space distance between geometric entities at asserted c
onnectivities');
#4412=(
GEOMETRIC_REPRESENTATION_CONTEXT(3)
GLOBAL_UNCERTAINTY_ASSIGNED_CONTEXT((#4410))
GLOBAL_UNIT_ASSIGNED_CONTEXT((#4414,#4416,#4417))
REPRESENTATION_CONTEXT('','3D')
);
#4413=(
GEOMETRIC_REPRESENTATION_CONTEXT(3)
GLOBAL_UNCERTAINTY_ASSIGNED_CONTEXT((#4411))
GLOBAL_UNIT_ASSIGNED_CONTEXT((#4414,#4416,#4417))
REPRESENTATION_CONTEXT('','3D')
);
#4414=(
LENGTH_UNIT()
NAMED_UNIT(*)
SI_UNIT(.MILLI.,.METRE.)
);
#4415=(
LENGTH_UNIT()
NAMED_UNIT(*)
SI_UNIT($,.METRE.)
);
#4416=(
NAMED_UNIT(*)
PLANE_ANGLE_UNIT()
SI_UNIT($,.RADIAN.)
);
#4417=(
NAMED_UNIT(*)
SI_UNIT($,.STERADIAN.)
SOLID_ANGLE_UNIT()
);
#4418=SHAPE_DEFINITION_REPRESENTATION(#4419,#4420);
#4419=PRODUCT_DEFINITION_SHAPE('',$,#4422);
#4420=SHAPE_REPRESENTATION('',(#2546),#4412);
#4421=PRODUCT_DEFINITION_CONTEXT('part definition',#4426,'design');
#4422=PRODUCT_DEFINITION('GGO_\X2\30B730CE30F3\X0\_\X2\9AEA98FE308A\X0\',
'GGO_\X2\30B730CE30F3\X0\_\X2\9AEA98FE308A\X0\ v8',#4423,#4421);
#4423=PRODUCT_DEFINITION_FORMATION('',$,#4428);
#4424=PRODUCT_RELATED_PRODUCT_CATEGORY('GGO_\X2\30B730CE30F3\X0\_\X2\9AEA98FE308A\X0\ 
v8','GGO_\X2\30B730CE30F3\X0\_\X2\9AEA98FE308A\X0\ v8',(#4428));
#4425=APPLICATION_PROTOCOL_DEFINITION('international standard',
'automotive_design',2009,#4426);
#4426=APPLICATION_CONTEXT(
'Core Data for Automotive Mechanical Design Process');
#4427=PRODUCT_CONTEXT('part definition',#4426,'mechanical');
#4428=PRODUCT('GGO_\X2\30B730CE30F3\X0\_\X2\9AEA98FE308A\X0\',
'GGO_\X2\30B730CE30F3\X0\_\X2\9AEA98FE308A\X0\ v8',$,(#4427));
#4429=PRESENTATION_STYLE_ASSIGNMENT((#4430));
#4430=SURFACE_STYLE_USAGE(.BOTH.,#4431);
#4431=SURFACE_SIDE_STYLE('',(#4432));
#4432=SURFACE_STYLE_FILL_AREA(#4433);
#4433=FILL_AREA_STYLE('\X2\92FC\X0\ - \X2\30B530C630F3\X0\',(#4434));
#4434=FILL_AREA_STYLE_COLOUR('\X2\92FC\X0\ - \X2\30B530C630F3\X0\',#4435);
#4435=COLOUR_RGB('\X2\92FC\X0\ - \X2\30B530C630F3\X0\',0.627450980392157,
0.627450980392157,0.627450980392157);
ENDSEC;
END-ISO-10303-21;
